total_value,model_obj_value,model_obj_bound,gap,gurobi_time,python_time,operation_time,number_of_initial_fires,number_of_jobs_arrived,number_of_job_processed,number_of_vehicles,number_of_vehicles_used,initial_fire_node_IDs
121.68513606407676,121.68513596979585,121.69924802570672,0.00011597189581457363,0.6773231029510498,0.68,0.0942809041581576,1,1,1,2,1,25
121.36729403298217,121.36729394371983,121.62741074450112,0.0021432199098211004,0.3451368808746338,0.35,0.08926233797113448,1,1,2,2,2,14
121.73071921325177,121.73071916054715,121.73071916054715,0.0,0.08235383033752441,0.08,0.05270462766946993,1,1,1,2,1,9
121.54101088405245,121.54101081533403,121.54101081533403,0.0,0.08052396774291992,0.08,0.06871842709362741,1,1,1,2,1,10
121.61332617340742,121.613326104689,121.613326104689,0.0,0.08202695846557617,0.08,0.06871842709362785,1,1,1,2,1,22
121.68739273927392,121.68739265594058,121.68739265594058,0.0,0.08378386497497559,0.08,0.08333333333333504,1,1,1,2,1,24
121.87495709570959,121.87495707904293,121.87495707904293,0.0,0.080657958984375,0.08,0.016666666666665053,1,1,1,2,1,6
121.55996427225782,121.5599642195532,121.5599642195532,0.0,0.08355307579040527,0.08,0.05270462766946937,1,1,1,2,1,17
121.95358558558559,121.95358556891892,121.95358556891892,0.0,0.08243989944458008,0.08,0.01666666666666483,1,1,1,2,1,2
121.74952727272729,121.7495272227273,121.75561807576473,5.002773461528354e-05,0.6597437858581543,0.66,0.04999999999995097,1,1,1,2,1,16
119.23525396111062,119.2352538697379,121.62741074450112,0.0200624965949802,0.7861099243164062,0.79,0.09137270732149716,1,1,5,2,2,18
121.75107820235932,121.75107812782372,121.75107812782372,0.0,0.08400106430053711,0.08,0.07453559924998987,1,1,1,2,1,15
121.82316262887396,121.82316260530374,121.82521823766466,1.6873904083260332e-05,0.6511521339416504,0.65,0.023570226039506537,1,1,1,2,1,7
121.6888477529491,121.6888477156813,121.69452939503546,4.6690222323652986e-05,0.6487259864807129,0.65,0.03726779962495286,1,1,1,2,1,12
121.86075675675677,121.86075670675677,121.86075670675677,0.0,0.08065199851989746,0.08,0.04999999999999627,1,1,1,2,1,4
121.72039556590258,121.72039552863478,121.72550010290148,4.193688530608575e-05,0.6489090919494629,0.65,0.03726779962498128,1,1,1,2,1,8
121.54840239184723,121.54840232113655,121.56378761771884,0.00012657753033763666,0.3656790256500244,0.37,0.0707106781186333,1,1,1,2,1,19
119.29140398649098,119.2914038683932,121.12752002393758,0.015391856378604173,1.0784099102020264,1.08,0.11809777335965468,2,2,3,2,1,"10,17"
121.47697258737962,121.4769725272871,121.49156367792234,0.00012011453966687345,0.6470611095428467,0.65,0.06009252125769038,2,2,2,2,2,"4,18"
121.29053815677973,121.29053808806131,121.31189389009695,0.00017607145926039127,0.6451640129089355,0.65,0.06871842709358233,2,2,2,2,2,"10,16"
121.36574310335014,121.36574304325762,121.38304710813748,0.00014257783494708506,0.38035082817077637,0.38,0.06009252125770459,2,2,2,2,2,"14,16"
121.1646182224701,121.16461815175941,121.1912343023503,0.00021966933084001253,0.38158607482910156,0.38,0.0707106781186333,2,2,2,2,2,"14,19"
121.49117292633244,121.49117286623992,121.50340125264285,0.00010065246811295099,0.6440460681915283,0.64,0.06009252125769038,2,2,2,2,2,"6,18"
121.54589282083353,121.54589272655262,121.54589272655262,0.0,0.08206820487976074,0.08,0.09428090415817181,2,2,2,2,2,"4,25"
121.31104247461711,121.3110424000815,121.33128416427249,0.0001668583814837541,0.6477160453796387,0.65,0.07453559924993769,2,2,2,2,2,"15,17"
121.43937845949681,121.43937839940429,121.4526331471136,0.00010914703191017199,0.6441681385040283,0.64,0.06009252125769038,2,2,2,2,2,"7,14"
121.43847094163323,121.4384708582999,121.45991869649846,0.0001766148572769406,0.6445469856262207,0.64,0.08333333333328241,2,2,2,2,2,"15,24"
121.81434234234236,121.81434229234236,121.81812210920859,3.102932540699158e-05,0.650367021560669,0.65,0.04999999999995097,2,2,2,2,2,"2,4"
121.64097832485952,121.64097824152618,121.64097824152618,0.0,0.08350896835327148,0.08,0.08333333333330728,2,2,2,2,2,"2,24"
121.30217392635652,121.3021738576381,121.32071032581156,0.00015281233290361386,0.6470310688018799,0.65,0.06871842709358233,2,2,2,2,2,"12,22"
119.08620341511475,119.08620296035285,121.77919157839985,0.022613775157005956,1.0700669288635254,1.07,0.4547619047618987,2,2,3,2,2,"2,7"
121.27173009730423,121.27173002858581,121.29389071233793,0.00018273577648224922,0.6505379676818848,0.65,0.06871842709362719,2,2,2,2,2,"9,10"
121.43937845949682,121.4393783994043,121.4393783994043,0.0,0.0825798511505127,0.08,0.060092521257736564,2,2,2,2,2,"7,18"
121.29792966457453,121.29792959386384,121.29792959386384,0.0,0.0798799991607666,0.08,0.0707106781186404,2,2,2,2,2,"16,19"
119.11273626652506,119.11273617515235,121.25358140018012,0.017973268802084393,0.7470059394836426,0.75,0.09137270732151626,2,2,5,2,2,"14,22"
121.34693504387465,121.34693498378213,121.34693498378213,0.0,0.08311200141906738,0.08,0.06009252125773601,2,2,2,2,2,"9,18"
121.33372173931,121.33372167059157,121.35168103369719,0.0001480162551543227,0.6483988761901855,0.65,0.06871842709358233,2,2,2,2,2,"8,22"
120.95694379723736,120.95694372121147,121.08148919972493,0.0010296678692586156,0.6528098583221436,0.65,0.07602588021348045,3,3,3,2,2,"2,10,17"
120.99482603925954,120.9948259686584,121.12995510103077,0.0011168174448002665,0.6535868644714355,0.65,0.07060113295827364,3,3,3,2,2,"4,12,17"
121.01362086656978,121.01362078566808,121.08197208142917,0.0005648231605444626,0.6572799682617188,0.66,0.08090169943749495,3,3,3,2,2,"12,15,18"
120.50739905979326,120.50739898327623,120.7549307684387,0.0020540795606817236,0.3919789791107178,0.39,0.07651702081662748,3,3,3,2,2,"10,14,17"
120.89605448948775,120.89605440952741,121.04622070382975,0.0012421107953917109,0.6567590236663818,0.66,0.07996034650511774,3,3,3,2,2,"8,12,22"
120.86476267388898,120.86476258157492,121.01484315579773,0.0012417231541866384,0.6569890975952148,0.66,0.09231406025371669,3,3,3,2,2,"14,15,18"
120.98747703367361,120.98747696832679,121.07758677827005,0.0007447862555795515,0.39478087425231934,0.39,0.06534682710791984,3,3,3,2,2,"12,14,16"
121.197128793207,121.19712872260587,121.32729649731675,0.0010740169844189135,0.3862462043762207,0.39,0.07060113295830561,3,3,3,2,2,"4,8,9"
121.11780061648061,121.11780053557891,121.18007171494624,0.0005141373034514156,0.653602123260498,0.65,0.08090169876273379,3,3,3,2,2,"8,12,15"
121.14744538751185,121.14744531340416,121.2123324037691,0.000535604281188706,0.37823486328125,0.38,0.07410768522493592,3,3,3,2,2,"2,12,19"
121.3776446892924,121.37764462394557,121.4573704284302,0.0006568409259516649,0.40021705627441406,0.4,0.06534682710803266,3,3,3,2,2,"2,6,14"
121.22014215385349,121.2201420778276,121.33544910486043,0.000951220028753934,0.6600759029388428,0.66,0.07602588021348033,3,3,3,2,2,"2,7,10"
121.01531956103425,121.0153194810739,121.18788439823868,0.0014259758012849402,0.6626009941101074,0.66,0.07996034650514358,3,3,3,2,2,"6,10,16"
121.00021678715157,121.00021672180475,121.09055430839665,0.0007465902875165765,0.6618168354034424,0.66,0.06534682710803433,3,3,3,2,2,"8,9,18"
120.86475239149777,120.86475229305978,121.0087927130573,0.0011917487709590447,0.38670778274536133,0.39,0.09843799333365766,3,3,3,2,2,"9,17,24"
118.56270210636201,118.56270195825618,121.28514109911097,0.02296202006102485,0.9970688819885254,1.0,0.14810582528954233,3,3,4,2,2,"7,15,24"
121.07332697229792,121.07332688022603,121.21265481390911,0.0011507731494064745,0.6645128726959229,0.66,0.0920718931460307,3,3,3,2,2,"7,15,18"
121.1598620911902,121.15986200392241,121.21768976333951,0.0004772847910244571,0.6543290615081787,0.65,0.0872677996249972,3,3,3,2,2,"2,19,24"
120.82575656056476,120.82575648060441,121.0035105320793,0.0014711602612926832,0.6516780853271484,0.65,0.07996034650514358,3,3,3,2,2,"6,10,17"
121.0629553100701,121.0629552100701,121.21555506013483,0.0012604999588845202,0.6528029441833496,0.65,0.09999999999993392,3,3,3,2,2,"15,16,24"
117.93897659119173,117.9389764371237,120.93784278178728,0.025427271248723744,0.40778207778930664,0.41,0.15406803173007827,4,4,6,2,2,"2,8,12,19"
120.66932943230577,120.66932929789752,121.0363269778264,0.003041350126533607,0.43167901039123535,0.43,0.13440825170409823,4,4,4,2,2,"2,14,16,25"
120.65681622245556,120.65681614155386,120.9327850504324,0.0022872218719477417,0.42609405517578125,0.43,0.0809016994374932,4,4,4,2,2,"6,8,15,17"
120.7859504661331,120.78595036845519,120.9627336133399,0.001463607682395539,0.6892600059509277,0.69,0.09767791126448444,4,4,4,2,2,"6,14,15,25"
120.0764129596561,120.07641286828338,120.7319439382477,0.005459282587691804,0.718113899230957,0.72,0.09137270732149716,4,4,4,2,2,"8,10,12,16"
119.19830328776861,119.19830318539616,121.01010859410856,0.015199926175915394,1.0558969974517822,1.06,0.10237245962534189,4,4,6,2,2,"6,7,9,17"
120.89967630182244,120.89967622431774,121.18674495556789,0.0023744375519874515,0.6757869720458984,0.68,0.07750469233121152,4,4,4,2,2,"6,7,8,15"
120.23256659721874,120.23256650644439,120.67877368786354,0.003711200670371103,0.4193720817565918,0.42,0.09077435189160211,4,4,4,2,2,"4,10,12,19"
117.94480088238434,117.94480064540518,120.5192888079143,0.02182790719405407,0.8412189483642578,0.84,0.2369791666666678,4,4,5,2,2,"10,19,24,25"
120.31450039343888,120.31450031142538,120.73596823065678,0.0035030517364113595,0.4402439594268799,0.44,0.08201349377452871,4,4,4,2,2,"8,14,16,18"
119.08164764455012,119.0816475303868,121.19153649985445,0.017718002842791153,1.2263212203979492,1.23,0.11416330706799373,4,4,6,2,2,"4,6,7,22"
119.92919355482012,119.92919342806093,120.69111161576043,0.006353066888226351,0.39455604553222656,0.39,0.12675918792440255,4,4,4,2,2,"9,14,22,24"
120.52958768883742,120.5295875656711,120.82888260222342,0.002483166520330542,0.3934969902038574,0.39,0.1231663322925236,4,4,4,2,2,"6,14,22,25"
117.29101334361548,117.29101311783451,120.71291376087719,0.0291744486818007,0.6587429046630859,0.66,0.22578095902560996,4,4,4,2,1,"15,18,22,25"
118.77831747830001,118.77831732436555,121.21255880904411,0.02049398862951579,0.6567049026489258,0.66,0.1539344662916653,4,4,4,2,2,"2,4,12,24"
119.17043160456338,119.17043147659295,120.66057671705153,0.012504320257926256,0.6588668823242188,0.66,0.12797042581376195,4,4,4,2,2,"8,9,17,22"
117.56412526021063,117.56412508502802,120.61335063382347,0.02593670089910593,0.7908909320831299,0.79,0.17518260359570476,4,4,7,2,2,"9,10,16,19"
120.61797711737226,120.61797702659791,120.97042588075014,0.0029220259105697736,0.6710569858551025,0.67,0.09077435189160277,4,4,4,2,2,"2,7,18,19"
119.15801192865491,119.15801172907544,120.70066446733105,0.01294627793692191,0.71909499168396,0.72,0.1995794764693457,4,4,5,2,2,"9,19,24,25"
120.70895912812493,120.70895901903467,120.85184087071815,0.0011836888731759558,0.3999958038330078,0.4,0.10909027208085484,4,4,4,2,2,"7,14,24,25"
118.5040672686769,118.50406712725555,120.56950339601778,0.01742924372835456,0.39408087730407715,0.39,0.14142135623731056,5,5,5,2,2,"7,8,16,19,25"
119.74268419880246,119.74268407409643,120.66275687906452,0.00768374963433046,0.4300529956817627,0.43,0.12470604065484676,5,5,5,2,2,"2,7,10,14,24"
119.66508061379707,119.66508050155196,120.82155746269548,0.00966428097734432,0.43283987045288086,0.43,0.11224511207944532,5,5,5,2,2,"2,4,9,12,17"
119.30197317688878,119.30197303026176,120.76242369164599,0.012241630413050887,0.6704871654510498,0.67,0.1466270131718092,5,5,5,2,2,"2,8,16,18,24"
119.89203544302175,119.89203532177362,120.56661374767103,0.005626549120522754,0.408937931060791,0.41,0.1212481373040377,5,5,5,2,2,"6,8,12,17,25"
119.63617167802644,119.63617153988902,120.95964901395595,0.0110625194456817,0.7234618663787842,0.72,0.13813742685445618,5,5,5,2,2,"2,7,8,16,25"
118.1139960377685,118.11399586366082,120.80906079171278,0.022817490072581072,0.7905030250549316,0.79,0.17410768522493097,5,5,7,2,2,"4,6,9,15,17"
119.73644599882046,119.73644588215379,120.44463319471471,0.005914550973543434,0.44034314155578613,0.44,0.11666666666666317,5,5,5,2,2,"4,14,16,17,22"
119.28889808598475,119.28889798299164,120.78608523840911,0.012550935424275133,0.7051150798797607,0.71,0.10299311335915462,5,5,5,2,2,"6,12,15,16,24"
117.71101539148385,117.71101525598611,120.25825684248913,0.021639789453548882,0.3915679454803467,0.39,0.13549774773724543,5,5,5,2,2,"9,12,14,17,18"
118.49711796461357,118.49711785980948,120.5675604952035,0.01747251471418484,0.39333200454711914,0.39,0.10480409352101816,5,5,5,2,2,"4,6,10,17,24"
118.48865717616158,118.48865700263906,120.40809839717873,0.016199368303220142,0.41782116889953613,0.42,0.17352252061480794,5,5,5,2,2,"7,10,14,24,25"
118.98836277925139,118.98836265608506,120.1365603650434,0.00964966391105825,0.4200570583343506,0.42,0.12316633229258181,5,5,5,2,2,"10,14,18,22,25"
119.39382259505088,119.3938224317572,120.43525361567954,0.008722655516935142,0.49257802963256836,0.49,0.16329367983847462,5,5,5,2,2,"4,10,14,15,18"
118.86798162727705,118.86798147665235,120.43102865204837,0.013149438191671747,0.40317797660827637,0.4,0.15062470604164863,5,5,5,2,2,"6,9,18,19,22"
118.62800515459485,118.62800495019465,120.540821560422,0.016124494473547274,0.39217615127563477,0.39,0.2044001997742087,5,5,5,2,2,"2,10,15,17,25"
119.23384995200331,119.2338498091772,120.87203448834201,0.013739258455435034,0.39838504791259766,0.4,0.1428261123185624,5,5,5,2,2,"2,4,9,10,15"
117.59733853665112,117.59733833767567,120.77049304925066,0.02698321880775412,0.6728739738464355,0.67,0.19897545251905618,5,5,5,2,1,"4,7,16,22,25"
119.84571588536426,119.84571574458991,120.72219721983876,0.007313415167186885,0.44976210594177246,0.45,0.14077435189160167,5,5,5,2,2,"2,9,15,17,25"
118.72043590046407,118.72043571845197,120.77240953286417,0.017284082575964484,0.663646936416626,0.66,0.1820121069320777,5,5,5,2,2,"2,6,10,15,22"
117.03663717981301,117.03663695778077,120.15478225270418,0.026642471759063216,0.396406888961792,0.4,0.222032239651319,6,6,6,2,2,"2,10,12,15,19,22"
117.94320187891341,117.94320172433194,120.09115051509636,0.018211721908184306,0.4414379596710205,0.44,0.1545814706373706,6,6,6,2,2,"9,16,17,18,24,25"
118.69604636984946,118.6960461820442,120.6221573830358,0.01622725661845148,0.713947057723999,0.71,0.18780525881037916,6,6,6,2,2,"2,7,15,16,18,24"
118.00681179952602,118.00681160839548,120.23401937654151,0.018873552617767513,0.4682128429412842,0.47,0.19113054021377351,6,6,6,2,2,"2,7,10,17,18,24"
117.85093160038294,117.8509314738196,120.11206801823495,0.019186412157613353,0.4384119510650635,0.44,0.12656333939886333,6,6,6,2,2,"6,8,10,14,16,17"
117.3363699771401,117.3363698403225,120.1163781428017,0.023692639428528173,0.3880469799041748,0.39,0.13681758729587706,6,6,6,2,2,"8,9,12,15,17,18"
117.22899283153514,117.22899262916268,120.0774605281728,0.02429832275383311,0.48665618896484375,0.49,0.2023724596253433,6,6,6,2,2,"7,8,10,17,24,25"
117.74519250375775,117.74519235022717,120.27221563249564,0.02146179586468354,0.38767194747924805,0.39,0.153530572544695,6,6,6,2,2,"6,9,14,15,17,24"
117.67711603464667,117.67711588567121,120.09017845868507,0.020505792947528242,0.3963139057159424,0.4,0.14897545251906041,6,6,6,2,2,"9,12,15,17,18,25"
117.09982349307087,117.0998233175561,120.08217292157421,0.025468438119931686,0.9709200859069824,0.97,0.17551477163981488,6,6,6,2,2,"8,15,17,22,24,25"
117.32489845187241,117.32489829463944,120.31498443461368,0.025485520835187077,0.4570190906524658,0.46,0.1572329733368143,6,6,6,2,2,"7,8,9,18,24,25"
118.94957648110976,118.94957630313934,120.45555517983115,0.0126606493566137,0.39313387870788574,0.39,0.17797042581376074,6,6,6,2,2,"4,9,12,15,24,25"
118.60350185273205,118.60350171247114,120.22372679892652,0.013660853710569753,0.8351831436157227,0.84,0.1402609129843077,6,6,6,2,2,"2,10,14,15,22,24"
118.63285821927037,118.63285805152879,120.39587852576109,0.014861148110134285,0.40128111839294434,0.4,0.16774158503743253,6,6,6,2,2,"6,9,14,16,24,25"
117.29835021321705,117.29835007639946,120.09820489314873,0.02386951576834334,0.6819050312042236,0.68,0.13681758729587762,6,6,6,2,2,"7,8,9,10,18,22"
118.0856354678193,118.0856353358058,120.39363340350484,0.019545121310781507,0.762362003326416,0.76,0.13201349377470012,6,6,6,2,2,"2,8,14,15,18,25"
117.61588899744058,117.61588886748024,119.99274149764962,0.020208601516819042,0.4785749912261963,0.48,0.12996034650514432,6,6,6,2,2,"6,8,10,17,19,24"
117.74301952492166,117.74301936502499,120.44477496937702,0.02294620622880488,0.4445219039916992,0.44,0.159896672732197,6,6,6,2,2,"2,6,8,19,22,25"
117.92909102474601,117.9290908915676,120.02342299339658,0.017759249104656122,0.4097609519958496,0.41,0.1331784130818363,6,6,6,2,2,"7,9,17,19,22,25"
117.60800526704337,117.60800511442874,120.09939926778308,0.021183882431559862,0.4291510581970215,0.43,0.1526146267330321,6,6,6,2,2,"4,8,10,14,22,24"
117.3365273052889,117.3365271353606,119.9294276489882,0.02209798241801039,0.4728858470916748,0.47,0.16992829774540286,7,7,7,2,2,"7,12,14,16,18,24,25"
117.38690590250414,117.38690575352868,119.97860288640848,0.022078247281868524,0.5446991920471191,0.54,0.14897545251905764,7,7,7,2,2,"4,7,8,9,14,17,18"
117.62025334973266,117.62025322169052,119.90768531852457,0.019447603913270814,0.5691039562225342,0.57,0.12804215151659898,7,7,7,2,2,"4,6,8,10,12,14,19"
116.8194341323275,116.81943398335204,119.97260925489086,0.026991872533710215,0.4300370216369629,0.43,0.14897545251901434,7,7,7,2,2,"2,4,8,9,10,17,19"
118.93175215901016,118.93175203997103,120.36963887569217,0.012090016425873337,0.5906848907470703,0.59,0.11903912629200655,7,7,7,2,2,"2,4,6,8,15,19,22"
116.92998717008253,116.92998697372445,120.27538811136337,0.02861029257097811,0.6007080078125,0.6,0.19635807170585498,7,7,7,2,2,"2,6,8,12,22,24,25"
116.99358164368138,116.99358145362851,120.06645781331399,0.026265341410233206,0.6706128120422363,0.67,0.1900528677628767,7,7,7,2,2,"4,8,12,16,18,24,25"
117.6901191839458,117.69011896468992,120.55821026585748,0.024369856419535686,0.8081779479980469,0.81,0.21925588627901188,7,7,7,2,2,"2,4,7,15,16,24,25"
118.37792948142975,118.37792932981736,119.92881716239579,0.013101156958552943,0.5995378494262695,0.6,0.15161237755614884,7,7,7,2,2,"4,7,8,10,12,19,25"
117.69739403194285,117.69739384482997,119.75784805002132,0.017506370684025614,0.469066858291626,0.47,0.1871128793735716,7,7,7,2,2,"6,8,12,17,18,19,25"
117.34027233935446,117.34027218094806,120.40003608381471,0.026075991183557586,0.43338704109191895,0.43,0.15840639176870996,7,7,7,2,2,"2,4,7,8,15,17,24"
117.23022153465332,117.23022131405219,119.82719982236694,0.022152807349545226,0.8750889301300049,0.88,0.22060113295832937,7,7,7,2,2,"4,10,15,16,18,19,24"
117.7907297267635,117.79072953835308,120.06218702028646,0.01928383915131273,0.500769853591919,0.5,0.1884104206279993,7,7,7,2,2,"6,8,9,15,19,24,25"
116.7936204263558,116.79362028157928,120.12549152986931,0.02852785315034482,0.4326300621032715,0.43,0.14477652081564565,7,7,7,2,2,"2,7,8,9,10,16,17"
117.33601890312936,117.33601876923454,120.20002561240351,0.02440859058633671,0.6038041114807129,0.6,0.13389481279680804,7,7,7,2,2,"2,6,8,12,15,19,22"
116.51005067646493,116.51005050295387,119.93769254073327,0.02941928205320357,0.47650599479675293,0.48,0.17351105176905335,7,7,7,2,2,"7,8,9,15,19,22,25"
116.47539284532068,116.47539267809253,119.93273839551182,0.029683056978176366,0.3975090980529785,0.4,0.16722814613012815,7,7,7,2,2,"4,8,10,15,16,17,24"
116.87913397360123,116.87913381982167,119.63600618959197,0.023587378513774977,0.5553460121154785,0.56,0.15377954604023958,7,7,7,2,2,"7,9,10,16,17,19,22"
116.51196318951021,116.51196298030592,119.5926372906196,0.026440841193572633,0.4218020439147949,0.42,0.2092042932953897,7,7,7,2,2,"9,12,17,19,22,24,25"
117.85327527976449,117.85327510058653,120.44697527865424,0.022007875265698053,0.43439412117004395,0.43,0.17917796613189088,7,7,7,2,2,"2,6,8,9,12,15,25"
116.40475927150315,116.40475912382524,119.26425089699637,0.024565076159208856,1.092609167098999,1.09,0.14767791126449195,8,8,8,2,2,"8,12,16,17,18,19,22,24"
116.83878460166393,116.83878442415924,120.0492290045344,0.027477558896199163,0.6266419887542725,0.63,0.17750469233121285,8,8,8,2,2,"2,4,6,8,9,12,17,22"
117.24374204174741,117.24374190307252,119.53096458108726,0.019508270896928814,0.7285959720611572,0.73,0.13867488603989542,8,8,8,2,2,"6,9,16,17,18,19,24,25"
116.69369983219887,116.69369967475785,119.52878464059279,0.024295098824844253,0.5779438018798828,0.58,0.1574410185582708,8,8,8,2,2,"7,8,14,15,16,17,19,24"
117.47186051167424,117.47186037715645,119.84191422448218,0.020175502794596206,0.8322651386260986,0.83,0.13451779686442222,8,8,8,2,2,"6,7,9,12,16,18,22,25"
116.98478302033837,116.98478285205933,120.01806770423728,0.025928883896069573,1.105396032333374,1.11,0.16827904422281598,8,8,8,2,2,"2,6,7,8,10,16,22,25"
116.60620016725554,116.6061999881016,119.61075171335555,0.02576665499399297,0.5785229206085205,0.58,0.17915394585379926,8,8,8,2,2,"6,12,14,15,18,22,24,25"
117.2883530471841,117.28835291967941,119.83100619656632,0.021678651064595916,0.6261420249938965,0.63,0.1275046923312131,8,8,8,2,2,"4,6,7,10,12,14,15,18"
117.46745698420304,117.46745683366558,119.89883037915834,0.02069827347105672,0.599984884262085,0.6,0.1505374591853834,8,8,8,2,2,"2,4,9,10,15,16,17,24"
117.09864948022339,117.09864933761403,119.71887793001612,0.02237624948898898,0.5580718517303467,0.56,0.14260935233156083,8,8,8,2,2,"2,7,9,10,12,14,15,19"
116.51754275851358,116.51754261029822,119.78609401118524,0.02805201111920922,1.1162071228027344,1.12,0.1482153704498662,8,8,8,2,2,"2,7,8,10,12,15,17,25"
116.62181937747987,116.62181919984161,119.91472854341121,0.02823579126241307,0.80411696434021,0.8,0.1776382577696296,8,8,8,2,2,"2,7,8,10,12,15,24,25"
117.41482452579925,117.4148243850249,119.8479011862823,0.02072205800247924,1.0098121166229248,1.01,0.14077435189150833,8,8,8,2,2,"4,6,7,8,9,10,19,25"
116.5974796931012,116.59747955049185,119.63453128816928,0.026047318941935214,0.5190079212188721,0.52,0.14260935233155275,8,8,8,2,2,"2,4,9,10,15,17,18,19"
116.76452517970311,116.7645249992053,119.90041565281864,0.026856535866819766,0.6583819389343262,0.66,0.18049780569052531,8,8,8,2,2,"4,6,7,10,15,16,19,25"
117.7874766253492,117.78747647872218,120.237616944443,0.020801366486219178,0.8121738433837891,0.81,0.1466270131718107,8,8,8,2,2,"2,4,6,7,12,15,19,24"
116.16408134418607,116.16408117684838,119.44261642875581,0.028223313253915215,0.5314781665802002,0.53,0.16733769129046355,8,8,8,2,2,"4,9,10,12,16,17,19,25"
115.98020850001288,115.98020831069331,119.28375721475727,0.028483729699935137,0.6310780048370361,0.63,0.189319560051956,8,8,8,2,2,"10,12,15,16,18,19,22,24"
117.48607752061493,117.48607738280967,119.99369444474416,0.021343950856098682,0.9369590282440186,0.94,0.1378052588103786,8,8,8,2,2,"2,6,7,10,16,18,24,25"
116.04252472131475,116.04252455205886,119.42744085716726,0.02916961965602406,0.8092710971832275,0.81,0.16925588627899657,8,8,8,2,2,"8,9,10,12,14,15,22,24"
116.43726811419528,116.43726793275611,119.66545505871534,0.027724689725831933,0.9519100189208984,0.95,0.18143915862285098,9,9,9,2,2,"2,6,7,8,14,15,17,22,24"
116.24133948932689,116.24133933825198,119.23968893790526,0.02579417629496121,1.0244560241699219,1.02,0.15107491837076856,9,9,9,2,2,"4,8,9,12,14,18,19,24,25"
116.82295773341511,116.82295759560985,119.1504235735899,0.019923018778866455,5.280857086181641,5.28,0.13780525881037775,9,9,9,2,2,"6,9,10,12,14,15,17,18,24"
116.07290584858275,116.07290568709772,119.20924110831282,0.027020392077285033,1.0252180099487305,1.03,0.161485030010256,9,9,9,2,2,"6,7,8,12,17,18,19,22,25"
116.84276057942337,116.84276043174546,119.62455237486543,0.02380799574437454,0.9152801036834717,0.92,0.14767791126448396,9,9,9,2,2,"2,4,6,8,10,12,14,18,25"
116.24320437041617,116.24320420267458,119.32837238155156,0.026540632633438702,2.5632030963897705,2.56,0.16774158503743308,9,9,10,2,2,"4,7,9,10,12,14,15,19,25"
115.80028811242121,115.80028791717494,119.06082726151172,0.028156573726905127,5.568565845489502,5.57,0.19524627736864827,9,9,9,2,2,"7,8,9,10,16,17,19,22,25"
116.43200058806465,116.43200043884703,119.431194884228,0.02575919364158164,0.5916118621826172,0.59,0.14921761962674296,9,9,9,2,2,"2,4,8,9,14,15,17,18,19"
116.39808809798063,116.39808795327181,119.26196731028091,0.024604178705743048,6.078567028045654,6.08,0.14470881818326564,9,9,9,2,2,"2,8,9,14,16,17,18,19,25"
116.33960126202831,116.33960109078018,119.6188930440119,0.028187237385083327,4.491697072982788,4.49,0.1712481373040191,9,9,10,2,2,"2,6,7,10,12,15,18,22,25"
116.25963116212849,116.2596309943869,119.18274858508148,0.02514301452441147,1.0347790718078613,1.03,0.16774158503743278,9,9,9,2,2,"6,8,9,16,17,18,19,22,25"
116.16044199165012,116.16044184014729,119.55950757247973,0.02926181821011,4.862216949462891,4.86,0.15150283239582502,9,9,10,2,2,"2,6,7,15,16,17,18,19,22"
116.50506944644852,116.50506929056951,119.48216748057874,0.025553378991468575,1.0002641677856445,1.0,0.15587901189194164,9,9,9,2,2,"2,7,8,15,16,17,18,19,25"
116.69885519948218,116.69885504096625,119.47212412574282,0.02376432128492638,1.0163929462432861,1.02,0.1585159369290352,9,9,9,2,2,"2,4,9,12,15,17,18,19,25"
116.48675920466148,116.48675905655566,119.06249275752774,0.022111815298436897,5.794080972671509,5.79,0.14810582528954358,9,9,9,2,2,"6,8,10,14,15,18,19,22,24"
116.00303413744683,116.00303398976892,119.4256275635455,0.02950434532667863,4.061171054840088,4.06,0.1476779112644344,9,9,10,2,2,"2,7,9,10,12,15,17,18,25"
116.63209345167516,116.63209327649255,119.56068539888926,0.025109659272376034,4.601783037185669,4.6,0.17518260359570456,9,9,9,2,2,"2,4,7,16,17,18,19,24,25"
116.08192052050379,116.08192033895509,119.49003641979608,0.029359577020171786,5.207546949386597,5.21,0.1815487037832117,9,9,10,2,2,"4,6,8,9,10,15,17,24,25"
116.55042469807,116.55042454402599,119.6007586579688,0.02617179753635793,0.8454999923706055,0.85,0.15404401145198676,9,9,9,2,2,"2,4,9,12,14,15,19,24,25"
116.41124903700464,116.41124884088873,119.57844533904529,0.02720696264057343,6.141257047653198,6.14,0.19611590459816175,9,9,9,2,2,"2,4,6,9,10,14,19,24,25"
115.83249336418635,115.83249319547939,119.24439963116629,0.029455520999008063,4.219649076461792,4.22,0.16870695824785642,10,10,10,2,2,"2,6,7,10,14,15,16,19,22,24"
115.47459058202733,115.47459042458631,118.7302453657711,0.028193691176683387,4.812948942184448,4.81,0.1574410185582711,10,10,10,2,2,"4,8,9,10,12,14,17,18,22,24"
115.83055986867316,115.83055969699711,119.18644974428426,0.02897240638451433,7.830548048019409,7.83,0.17167605132909358,10,10,10,2,2,"2,4,8,9,14,15,16,17,18,19"
115.4334439828652,115.4334438244588,118.89075048336097,0.029950649866772944,5.480756044387817,5.48,0.15840639176870963,10,10,10,2,2,"2,8,10,12,14,15,16,18,19,22"
114.92196071011105,114.92196052405355,118.36828509902922,0.02998839002798207,19.1274631023407,19.13,0.18605750522665687,10,10,10,2,2,"4,9,10,15,17,18,19,22,24,25"
115.88869257556368,115.88869239794944,119.35225468655733,0.029886973585950775,5.132567882537842,5.13,0.17761423749152883,10,10,10,2,2,"2,4,7,9,12,15,18,19,22,25"
115.87285187361856,115.87285170576743,119.24783712055695,0.029126627722596516,7.604530096054077,7.6,0.16785113019776277,10,10,10,2,2,"2,4,7,14,15,16,17,18,19,25"
116.224760088078,116.22475987956206,119.0771378521394,0.02454191323374745,5.239689111709595,5.24,0.20851593692903236,10,10,10,2,2,"4,6,8,14,15,17,18,22,24,25"
115.84842306879271,115.84842290402023,119.04380288712728,0.027582421089619964,1.4109289646148682,1.41,0.1647724919562119,10,10,10,2,2,"2,4,7,10,14,16,17,19,22,24"
115.90572579776803,115.90572562312289,119.19457477393351,0.028375208671783708,6.426396131515503,6.43,0.1746451444103169,10,10,10,2,2,"2,4,6,8,10,12,14,17,22,25"
116.2455490295052,116.24554888533385,119.56215073371996,0.028531000801223397,4.715191125869751,4.72,0.14417135899783062,10,10,10,2,2,"2,4,6,8,9,12,14,16,18,24"
115.37745889561127,115.37745871799703,118.822744597049,0.0298609963968166,7.879626035690308,7.88,0.17761423749154304,10,10,10,2,2,"7,8,10,12,14,15,16,17,22,25"
115.53895788787942,115.53895772013783,118.76478196342721,0.0279197969840015,4.303452968597412,4.3,0.16774158503743236,10,10,10,2,2,"8,9,12,14,16,17,18,22,24,25"
115.4736806426474,115.4736804610987,118.79706759975578,0.028780472964804137,10.748583793640137,10.75,0.18154870378320126,10,10,10,2,2,"6,8,9,10,14,16,17,18,24,25"
115.71541825024505,115.71541808590047,119.0336068981338,0.02867542516909975,5.568847894668579,5.57,0.16434457793115143,10,10,10,2,2,"4,6,7,10,12,16,17,18,19,25"
115.65891412707425,115.65891395528865,119.06859892578707,0.02948052038441699,9.301033973693848,9.3,0.1717855964894177,10,10,10,2,2,"2,7,8,10,15,16,17,22,24,25"
116.15534737073183,116.1553472058498,119.05544993863415,0.02496744921819929,5.512892007827759,5.51,0.16488203711653615,10,10,10,2,2,"4,8,9,12,14,15,16,18,19,25"
116.28308110446434,116.28308095689597,119.56612712378836,0.028233223095536622,1.675210952758789,1.68,0.14756836610416102,10,10,10,2,2,"2,4,6,8,9,12,14,15,16,17"
115.99868142792262,115.99868127673815,119.20741646694589,0.027661824728443685,6.025613069534302,6.03,0.15118446353108794,10,10,10,2,2,"4,6,7,9,10,12,14,16,17,25"
115.56534917379534,115.5653489991502,118.86455073980315,0.028548364792955434,6.009259939193726,6.01,0.17464514441024193,10,10,10,2,2,"2,10,12,14,15,16,18,19,22,25"
115.298165275261,115.29816513055218,118.72348217664889,0.02970833960989943,14.22887897491455,14.23,0.14470881818326053,11,11,11,2,2,"2,4,6,7,8,9,12,14,17,19,24"
115.15445721230968,115.1544570509342,118.5430921238824,0.02942686857052672,20.764922857284546,20.77,0.16137548484993014,11,11,11,2,2,"2,4,6,7,8,9,10,12,17,18,24"
115.1151839844882,115.11518382311272,118.52872956873655,0.029653305778229295,11.553591012954712,11.55,0.16137548484992997,11,11,11,2,2,"4,6,7,8,10,15,16,17,18,19,24"
115.70780355653707,115.70780337509791,119.1586157091273,0.029823505704646893,8.261759042739868,8.26,0.18143915862287252,11,11,11,2,2,"2,4,6,7,12,14,15,16,18,19,24"
115.57856163211211,115.57856143389674,118.9315802952972,0.029010733649926602,15.125436067581177,15.13,0.1982153704498641,11,11,11,2,2,"2,4,7,8,9,10,12,16,22,24,25"
114.53730382882996,114.53730365822884,117.90660770472985,0.029416652382133753,31.9911150932312,31.99,0.17060113295832124,11,11,11,2,2,"6,8,9,10,12,15,16,18,19,22,24"
114.4348855262146,114.43488536483912,117.81630626165062,0.029548864282346453,13.988577127456665,13.99,0.16137548484992373,11,11,11,2,2,"7,9,10,12,14,15,17,18,19,22,24"
114.97907711476289,114.97907695732187,118.34066167150357,0.02923649070021202,11.667475938796997,11.67,0.15744101855826997,11,11,11,2,2,"2,7,8,9,14,15,17,18,19,22,24"
115.28555470954682,115.28555457174156,118.68907360083223,0.02952251079273495,40.47361397743225,40.47,0.13780525881037753,11,11,11,2,2,"2,6,7,8,9,12,14,15,16,17,22"
115.06537002691856,115.0653698518455,118.4556642442108,0.02946407243752422,13.542454957962036,13.54,0.17507305843537685,11,11,11,2,2,"4,6,8,12,15,16,17,18,19,22,24"
115.07373744936496,115.07373728502037,118.51499245914017,0.02990478327471307,11.288345098495483,11.29,0.1643445779311507,11,11,11,2,2,"2,6,8,9,12,14,16,17,18,22,25"
114.38956203744846,114.38956186280332,117.81136151144388,0.0299135654767574,25.674624919891357,25.67,0.17464514441031936,11,11,11,2,2,"7,8,10,12,14,16,17,19,22,24,25"
114.45893027710063,114.45893014662686,117.87762149767002,0.029868279798384217,77.07655596733093,77.08,0.13047378541243404,11,11,11,2,2,"4,7,8,9,10,12,14,16,17,18,19"
115.10807606944144,115.10807589425883,118.52458832830015,0.029680909940496415,11.140794038772583,11.14,0.1751826036002484,11,11,11,2,2,"2,4,7,8,10,12,17,18,19,24,25"
115.42515704395544,115.42515687961085,118.73237276294665,0.0286524703343938,10.343790054321289,10.34,0.16434457793107526,11,11,11,2,2,"4,6,7,8,9,14,16,17,18,24,25"
115.3175389890059,115.3175388074572,118.66748866746896,0.029049786308785946,18.921413898468018,18.92,0.18154870378320048,11,11,11,2,2,"2,4,6,8,10,15,16,17,19,24,25"
115.23535777873411,115.2353576276592,118.6921554672682,0.029997718675706896,11.903732061386108,11.9,0.1510749183707597,11,11,11,2,2,"2,4,7,9,10,12,14,16,17,22,24"
116.18869421421489,116.18869403320365,119.4132925521975,0.02775311785561815,4.803508996963501,4.8,0.18101124459782147,11,11,11,2,2,"2,4,6,7,8,14,15,16,22,24,25"
115.13085134691141,115.13085115506215,118.58383356504386,0.029991808236795894,12.806620121002197,12.81,0.19184927026236304,11,11,11,2,2,"2,4,6,12,14,16,17,18,19,24,25"
114.80360289427513,114.80360270921987,118.24654636806196,0.029989857265738752,54.17682695388794,54.18,0.18505525604980377,11,11,11,2,2,"2,6,7,8,9,10,12,14,17,22,25"
114.1228757973588,114.12287561634756,117.53048775949478,0.02985915071578423,77.2286069393158,77.23,0.1810112445978188,12,12,12,2,2,"4,6,8,9,10,12,14,16,18,22,24,25"
113.85631262814015,113.85631247366823,117.27114792267413,0.029992499974875457,242.83065915107727,242.83,0.15447192547704583,12,12,12,2,2,"2,4,8,9,10,12,14,15,16,17,18,19"
113.99888803152959,113.99888783331426,117.41864860014498,0.029998194121253107,56.138426065444946,56.14,0.1982153291418266,12,12,12,2,2,"2,4,8,10,12,14,15,16,17,19,24,25"
113.84288607478535,113.84288589377411,117.25419765322121,0.0299650850614431,85.3869400024414,85.39,0.1810112445978189,12,12,12,2,2,"4,6,8,9,10,12,14,18,19,22,24,25"
114.49713010554964,114.49712991763484,117.928883856079,0.029972401412269825,74.33003091812134,74.33,0.18791480397070412,12,12,12,2,2,"2,4,8,9,10,12,15,16,17,22,24,25"
114.60682580878373,114.60682563116949,118.03434898789885,0.02990679951087649,71.10552191734314,71.11,0.17761423749153593,12,12,12,2,2,"2,4,6,7,9,10,12,16,17,22,24,25"
113.49558138592523,113.49558118770986,116.89921761542271,0.029989153692984702,217.68217396736145,217.68,0.19821537044986914,12,12,12,2,2,"2,10,12,14,15,16,17,18,19,22,24,25"
114.19388743919961,114.19388725818837,117.61669961397709,0.02997369156940829,46.434808015823364,46.43,0.18101124459781748,12,12,12,2,2,"2,4,6,8,9,10,12,14,17,22,24,25"
114.22902008796686,114.22901989314849,117.65209169589663,0.02996674405462055,55.96334099769592,55.96,0.1948183633435825,12,12,12,2,2,"2,4,7,8,10,12,14,15,17,18,22,25"
113.3349312290029,113.33493106519579,116.73498054516573,0.03000001365875506,270.3914258480072,270.39,0.16380711874576986,12,12,12,2,2,"4,6,7,8,10,12,14,17,18,19,22,24"
113.17635636789292,113.17635616967755,116.56837144626641,0.02997105925113412,123.78938317298889,123.79,0.1982153704498702,12,12,12,2,2,"6,8,10,12,14,15,17,18,19,22,24,25"
113.59167242426444,113.59167226979253,116.99919698260199,0.029998015212912982,740.5996100902557,740.6,0.1544719254770436,12,12,12,2,2,"2,6,7,8,9,10,12,14,15,17,18,19"
113.44196814173347,113.44196798726155,116.84512348176928,0.029999087241591848,265.0507709980011,265.05,0.1544719254770436,12,12,12,2,2,"6,7,8,9,10,12,14,15,16,18,19,22"
114.69867222181777,114.69867204026954,118.08227408658124,0.029499923461395832,40.833287954330444,40.83,0.18154823404528875,12,12,12,2,2,"2,4,6,7,14,15,17,18,19,22,24,25"
114.14787059714367,114.14787042303598,117.53088854478048,0.029637154939526386,75.30708909034729,75.31,0.17410768522493547,12,12,12,2,2,"2,6,7,8,9,10,12,15,16,18,19,24"
114.71990949701943,114.7199092919005,118.16000375472923,0.029986900129737145,66.2900619506836,66.29,0.2051189298227527,12,12,12,2,2,"2,4,6,7,9,10,12,15,16,19,24,25"
114.22775419418707,114.22775402698295,117.64443408890256,0.02991112003403758,79.19145393371582,79.19,0.16720412585205152,12,12,12,2,2,"2,4,9,10,12,14,15,16,17,18,22,24"
114.51504878047588,114.51504858916408,117.94381848838805,0.02994165344613416,76.84702491760254,76.85,0.19131180509179657,12,12,12,2,2,"2,4,7,10,12,14,15,16,18,22,24,25"
114.78327063428752,114.78327043607254,118.21865713050609,0.029929332744939103,66.52359700202942,66.52,0.19821497429218127,12,12,12,2,2,"2,4,6,7,9,12,14,15,16,18,19,25"
114.01232751888358,114.01232737174313,117.43085822195755,0.02998387042015313,79.16943597793579,79.17,0.14714045207910298,12,12,12,2,2,"2,4,7,8,9,10,12,14,16,18,19,22"
113.17263994742893,113.17263974624447,116.56766299576299,0.02999862207977858,609.9261479377747,609.93,0.201184463531091,13,13,13,2,2,"2,4,7,8,9,10,15,17,18,19,22,24,25"
113.24141433483807,113.24141415042996,116.69352303934583,0.030484508824042852,1200.094032049179,1200.09,0.18440810256909757,13,13,13,2,2,"4,6,7,8,9,10,12,14,15,16,18,22,25"
112.94814408737255,112.94814390986787,116.53315398394048,0.03174031860969257,1200.0715608596802,1200.07,0.17750469233121507,13,13,13,2,2,"4,6,7,8,9,10,12,15,16,18,19,22,24"
113.36521160423648,113.36521143649489,116.76602515071374,0.029998741863802983,801.93647813797,801.94,0.16774158503743247,13,13,13,2,2,"2,4,6,7,8,9,12,15,16,17,19,22,24"
112.48146261801762,112.48146245027648,116.76044034532674,0.038041627498769624,1200.066936969757,1200.07,0.16774113033379526,13,13,13,2,2,"4,6,7,9,10,12,14,15,16,17,18,19,22"
113.01867855259997,113.01867834801865,116.44572597612819,0.030322842898203244,1200.1373541355133,1200.14,0.20458130748673412,13,13,13,2,2,"4,6,9,10,12,14,15,16,18,19,22,24,25"
112.23580166194351,112.23580148093296,116.23452011219439,0.03562783513370057,1200.0672969818115,1200.07,0.18101055127193724,13,13,13,2,2,"2,7,8,9,10,12,14,16,17,18,19,22,25"
113.12042195922653,113.1204217443445,116.98751629708548,0.03418564475900495,1200.102213859558,1200.1,0.21488203711653409,13,13,13,2,2,"2,4,6,7,8,9,10,12,14,19,22,24,25"
113.14361726972918,113.1436170715138,116.55172358760247,0.030121951235963493,1200.0454359054565,1200.05,0.1982153704498667,13,13,13,2,2,"4,6,7,8,9,12,15,16,17,18,19,24,25"
113.35235288413746,113.35235268592209,116.7517779947091,0.029989896356242208,698.2825171947479,698.28,0.19821537044986923,13,13,13,2,2,"2,4,6,7,8,10,12,14,15,16,17,24,25"
113.03008329882516,113.03008310060979,116.66302852450754,0.03214140275084123,1200.0658450126648,1200.07,0.1982153704498657,13,13,13,2,2,"2,4,6,7,8,10,16,17,18,19,22,24,25"
112.86841170973263,112.86841153508749,116.43410221186899,0.031591573127376135,1200.0904109477997,1200.09,0.17464514441031698,13,13,13,2,2,"4,6,7,8,9,10,14,15,16,17,19,22,24"
112.79634530472127,112.79634510650604,116.48531240485963,0.032704670482632606,1200.0816900730133,1200.08,0.1982152344913753,13,13,13,2,2,"2,6,8,9,12,14,15,16,17,18,19,24,25"
112.51806675770163,112.5180665796597,116.35648398017679,0.03411378738719789,1200.032483100891,1200.03,0.17804192905825084,13,13,13,2,2,"4,6,8,9,10,12,15,16,17,18,19,22,24"
112.6704240347939,112.67042385038565,116.45100779668626,0.03355435984975812,1200.0511028766632,1200.05,0.18440825170409347,13,13,13,2,2,"2,6,7,8,10,12,14,15,16,18,19,22,25"
112.72608614629505,112.72608597855346,116.41818906462179,0.03275287218586446,1200.2740149497986,1200.27,0.16774158503743153,13,13,13,2,2,"2,6,7,8,9,10,15,16,17,18,19,22,24"
113.36413708028846,113.364136879104,117.0305149375851,0.032341604315226,1200.1373751163483,1200.14,0.20118445907984284,13,13,13,2,2,"2,4,7,8,9,10,12,14,15,19,22,24,25"
113.17867723712416,113.1786770389088,116.61674366283829,0.030377335323928032,1200.0585038661957,1200.06,0.19821535907113907,13,13,13,2,2,"2,4,6,7,9,10,14,16,17,18,19,24,25"
112.72219543864226,112.7221952404269,116.38294602624218,0.03247586491735022,1200.2125220298767,1200.21,0.19821535407851715,13,13,13,2,2,"2,4,8,10,12,14,15,17,18,19,22,24,25"
112.25666476775618,112.2566646029839,116.3716457637797,0.036656898504415496,1200.1437509059906,1200.14,0.16477226949786625,13,13,13,2,2,"4,6,7,8,10,12,14,15,16,17,18,19,22"
111.7676744615717,111.7676742564528,116.18698361311498,0.03954013882870989,1201.5411999225616,1201.54,0.20511889689601862,14,14,14,2,2,"4,6,7,8,12,14,15,16,17,18,19,22,24,25"
111.49752294726072,111.49752273577587,116.29282520585917,0.043008152579740194,1200.01890707016,1200.02,0.2114848406031835,14,14,14,2,2,"2,4,6,7,8,10,12,14,16,17,18,19,24,25"
111.65387509702326,111.65387489583883,116.24383241484517,0.041108806329276874,1200.048565864563,1200.05,0.20118443864655733,14,14,14,2,2,"2,6,7,8,9,10,12,14,15,16,19,22,24,25"
111.70121891481661,111.70121871023537,116.25425438157963,0.040760841501249076,1200.0383009910583,1200.04,0.20458124286464632,14,14,14,2,2,"2,4,6,8,9,10,12,15,16,17,18,19,24,25"
111.78306148318671,111.78306127170185,116.39202301535295,0.04123130724116126,1200.0280299186707,1200.03,0.2114848652998077,14,14,14,2,2,"2,4,6,7,8,9,10,14,16,17,18,19,24,25"
112.4526850049263,112.45268480671189,116.44931699973075,0.03554056712730726,1200.037610054016,1200.04,0.19821440280137104,14,14,14,2,2,"2,4,6,7,9,14,15,16,17,18,19,22,24,25"
111.09637173806978,111.09637155419907,115.81554592661152,0.04247820434090572,1200.2057399749756,1200.21,0.1838707059721112,14,14,14,2,2,"4,6,8,9,10,12,14,15,16,17,18,19,22,24"
111.97571058669524,111.97571038211377,116.53668770423518,0.040731845384657114,1200.0452020168304,1200.05,0.20458147063737153,14,14,14,2,2,"2,4,6,8,9,10,12,15,16,18,19,22,24,25"
112.21380692958827,112.21380673827646,116.60124221773762,0.03909889172278293,1200.035176038742,1200.04,0.19131181066045855,14,14,14,2,2,"2,4,6,7,8,9,10,14,15,16,18,19,22,25"
111.67336348849058,111.67336327700555,116.16149612089615,0.040189824253414774,1200.0379559993744,1200.04,0.21148502538314062,14,14,14,2,2,"2,4,6,7,8,9,10,14,17,18,19,22,24,25"
111.50000459310988,111.50000439543197,116.02381561965238,0.04057229637567391,1200.016207933426,1200.02,0.1976779112644894,14,14,14,2,2,"4,6,7,8,9,10,12,14,16,18,19,22,24,25"
111.28630554816813,111.2863053366841,115.94748743543163,0.04188459743223259,1200.014986038208,1200.02,0.21148403241810243,14,14,14,2,2,"2,7,8,10,12,14,15,16,17,18,19,22,24,25"
111.86988308788283,111.86988287639787,116.28725071747843,0.03948665831679825,1200.1073808670044,1200.11,0.21148496267921763,14,14,14,2,2,"2,4,6,7,8,9,10,14,16,17,19,22,24,25"
111.58503746694473,111.58503728253648,116.24472400186215,0.04175906405378723,1200.1732058525085,1200.17,0.1844082517040988,14,14,14,2,2,"2,4,6,8,9,10,12,14,15,16,17,19,22,25"
111.2726902242757,111.2726900299948,116.13240727670002,0.04367394412227497,1200.104166984558,1200.1,0.19428090415820498,14,14,14,2,2,"2,4,6,7,8,9,10,12,14,17,18,19,22,25"
111.30729956451847,111.30729938987334,116.00232184774342,0.042180723848351954,1200.1087300777435,1200.11,0.17464514441031653,14,14,14,2,2,"2,6,7,9,10,12,14,15,16,17,18,19,22,24"
111.56877902947878,111.56877882489731,116.18150272419682,0.04134421787065532,1200.204581975937,1200.2,0.204581470637347,14,14,14,2,2,"2,6,8,9,10,12,14,15,16,17,18,22,24,25"
111.37792178881448,111.37792157732983,115.94432874492668,0.0409992133353502,1200.182843208313,1200.18,0.2114846531176003,14,14,14,2,2,"2,6,7,9,10,12,14,15,17,18,19,22,24,25"
111.18681947857004,111.18681927005412,116.2734021778604,0.04574807464769572,1200.0232729911804,1200.02,0.2085159240986012,14,14,14,2,2,"2,4,6,8,10,12,14,16,17,18,19,22,24,25"
111.81740657587537,111.81740636439034,116.0104869571531,0.037499354788273,1200.0496299266815,1200.05,0.21148503001025198,14,14,14,2,2,"4,6,7,8,9,12,14,15,16,17,18,19,24,25"
110.32897922511447,110.32897900386632,115.90977865737622,0.05058326202143435,1200.303461074829,1200.3,0.22124813730394877,15,15,15,2,2,"2,4,6,8,9,10,12,14,15,16,17,18,19,24,25"
110.41695109659645,110.41695088171441,115.9854550912639,0.05043160642531073,1200.0412089824677,1200.04,0.21488203711653586,15,15,15,2,2,"2,4,6,8,9,10,12,15,16,17,18,19,22,24,25"
110.83821749419224,110.83821727931021,116.01435539403292,0.046699940163048036,1200.3047449588776,1200.3,0.2148820283034496,15,15,15,2,2,"2,4,6,7,8,12,14,15,16,17,18,19,22,24,25"
110.33785429983855,110.33785408495652,115.82937849365852,0.04977008529161454,1200.2664160728455,1200.27,0.21488203624485624,15,15,15,2,2,"2,6,7,8,9,12,14,15,16,17,18,19,22,24,25"
110.20950652347351,110.20950633906526,115.92587934703461,0.051868238937416475,1200.3527760505676,1200.35,0.18440825170407038,15,15,15,2,2,"2,4,6,7,8,10,12,14,15,16,17,18,19,22,24"
110.92841405401785,110.92841383913581,116.16248888342476,0.047184259317718184,1200.0274050235748,1200.03,0.21488203645930443,15,15,15,2,2,"2,4,6,7,8,9,12,14,15,16,17,19,22,24,25"
110.50342506195408,110.50342486767317,115.97043522285449,0.04947367343345249,1200.0247220993042,1200.02,0.1942809041582103,15,15,15,2,2,"2,4,6,7,9,10,12,14,15,16,17,18,19,22,25"
110.45011392139516,110.45011370991028,115.78110292497657,0.048266036457579056,1200.0771369934082,1200.08,0.21148486792819385,15,15,15,2,2,"2,4,6,7,8,9,10,12,14,15,17,19,22,24,25"
110.34494432689478,110.34494413558309,116.01641203175166,0.05139762352138143,1200.050663948059,1200.05,0.1913116822664469,15,15,15,2,2,"2,4,6,7,8,9,10,12,14,15,16,17,19,22,24"
110.32732899724968,110.32732877152978,116.22926738844623,0.05349480208243256,1200.0775108337402,1200.08,0.22571989769481648,15,15,15,2,2,"2,4,6,7,8,9,10,12,14,15,17,18,19,24,25"
110.57156441295277,110.57156421527486,116.164425767068,0.05058137317207738,1200.0321850776672,1200.03,0.19767791126448525,15,15,15,2,2,"2,4,6,7,8,9,10,12,14,15,16,18,19,22,25"
110.239375625265,110.23937542068353,115.8753116456819,0.05112452971990387,1200.0397551059723,1200.04,0.20458146889557227,15,15,15,2,2,"2,6,7,8,9,10,12,14,15,16,18,19,22,24,25"
110.41695306645127,110.41695285156925,115.94707348797238,0.05008398161319602,1200.2148189544678,1200.21,0.2148820256427444,15,15,15,2,2,"2,4,6,8,9,10,12,14,15,16,17,19,22,24,25"
110.49574334727197,110.49574313238993,115.9646462463406,0.04949424257365403,1200.2000608444214,1200.2,0.21488203711652692,15,15,15,2,2,"2,4,6,9,10,12,14,15,16,17,18,19,22,24,25"
110.74604283199247,110.74604261711056,116.05043586372143,0.047896910095018855,1200.0384588241577,1200.04,0.21488190093085535,15,15,15,2,2,"2,4,6,7,8,10,12,14,15,16,17,18,22,24,25"
111.06958796288998,111.06958774461094,116.27863371245495,0.04689894032758528,1200.1287949085236,1200.13,0.21827904422281413,15,15,15,2,2,"2,4,6,7,8,9,12,14,15,16,18,19,22,24,25"
110.60014397924942,110.6001437643674,116.38213721130843,0.05227835380810638,1200.0782539844513,1200.08,0.21488202070595364,15,15,15,2,2,"2,4,7,8,9,10,12,15,16,17,18,19,22,24,25"
110.6278694757566,110.62786925747756,116.1400165188244,0.04982602754933078,1200.1862089633942,1200.19,0.21827904422281375,15,15,15,2,2,"2,4,6,7,8,10,12,14,15,16,18,19,22,24,25"
110.69588138481406,110.69588120434027,116.62907205467084,0.053599020901040906,1200.048316001892,1200.05,0.18047378541243814,15,15,15,2,2,"2,4,6,7,8,9,10,12,14,15,16,17,18,22,24"
110.06278438212064,110.0627841642702,116.48462887510993,0.05834710396981277,1200.1421468257904,1200.14,0.2178504367362351,15,15,15,2,2,"4,6,7,8,9,10,12,15,16,17,18,19,22,24,25"
109.28979587389685,109.28979564574516,115.6945761333252,0.05860364592812184,1200.0293600559235,1200.03,0.2281516966769266,16,16,16,2,2,"2,4,6,7,8,9,10,14,15,16,17,18,19,22,24,25"
108.48002482742139,108.48002461998112,115.59295092607304,0.06556899605258551,1200.0819101333618,1200.08,0.20744027102775003,16,16,16,2,2,"2,4,6,7,8,9,10,12,14,15,16,17,18,19,22,25"
109.43394836374529,109.4339481355936,115.67370105114507,0.057018439175932335,1200.108519077301,1200.11,0.2281516899855996,16,16,16,2,2,"2,4,6,7,8,9,12,14,15,16,17,18,19,22,24,25"
108.98156264262956,108.98156241447786,115.53678265806596,0.06014980973256129,1200.330295085907,1200.33,0.2281516966769216,16,16,16,2,2,"2,4,6,7,8,10,12,14,15,16,17,18,19,22,24,25"
109.15123858854606,109.15123836039437,115.68942647100413,0.059900265070947104,1200.0298171043396,1200.03,0.22815169667691898,16,16,16,2,2,"2,4,6,7,8,9,10,12,14,15,16,17,19,22,24,25"
108.88657954487483,108.88657935016649,116.29637308426078,0.0680505694853841,1200.1000549793243,1200.1,0.194708356088291,16,16,16,2,2,"2,4,6,7,8,9,10,12,14,15,16,17,18,19,22,24"
108.53222137640343,108.53222114825184,116.19895416191243,0.07064015582237147,1200.1413810253143,1200.14,0.22815159806798335,16,16,16,2,2,"2,6,7,8,9,10,12,14,15,16,17,18,19,22,24,25"
109.41035475752771,109.4103545362796,115.77071180040569,0.058133046831660255,1200.0373821258545,1200.04,0.2212481217870872,16,16,16,2,2,"2,4,6,7,8,9,10,12,14,15,16,18,19,22,24,25"
108.74851923424829,108.74851899579603,115.70712876884231,0.06398808772113283,1200.0294489860535,1200.03,0.23845226315607881,16,16,16,2,2,"2,4,6,7,8,9,10,12,15,16,17,18,19,22,24,25"
108.52462131364386,108.5246210717946,115.65427929635173,0.06569622776973806,1200.233286857605,1200.23,0.24184926448309513,16,16,16,2,2,"2,4,6,8,9,10,12,14,15,16,17,18,19,22,24,25"
109.06358131921328,109.06358109796514,116.32453573515836,0.06657542842528846,1200.052374124527,1200.05,0.2212481373040346,16,16,16,2,2,"2,4,6,7,8,9,10,12,14,15,16,17,18,19,24,25"
108.7921838189029,108.79218359075121,115.34417053165082,0.06022479487631698,1200.0287220478058,1200.03,0.22815169667692167,16,16,16,2,2,"2,4,6,7,8,9,10,12,14,16,17,18,19,22,24,25"
108.55130535853837,108.55130512348379,116.24800066185779,0.07090375863853997,1200.1857669353485,1200.19,0.2350545850656367,16,16,16,2,2,"4,6,7,8,9,10,12,14,15,16,17,18,19,22,24,25"
109.10368912419362,109.10368889604194,116.21927810489109,0.06521859417264197,1200.0611398220062,1200.06,0.2281516819535342,16,16,16,2,2,"2,4,7,8,9,10,12,14,15,16,17,18,19,22,24,25"
108.91468654836768,108.91468632021659,116.16481763711798,0.06656706787535989,1200.1623239517212,1200.16,0.22815109856964216,16,16,16,2,2,"2,4,6,7,8,9,10,12,14,15,17,18,19,22,24,25"
109.23578212855513,109.23578190040344,115.64283464540318,0.058653425036508874,1200.0273978710175,1200.03,0.22815169604252905,16,16,16,2,2,"2,4,6,7,9,10,12,14,15,16,17,18,19,22,24,25"
109.49451771140255,109.49451749015441,115.74792973181773,0.05711164709434538,1200.035171031952,1200.04,0.2212481373040353,16,16,16,2,2,"2,4,6,7,8,9,10,12,14,15,16,17,18,22,24,25"
107.52743233336842,107.52743209885108,116.39077649191618,0.08242868094270996,1200.0434999465942,1200.04,0.23451734246613842,17,17,17,2,2,"2,4,6,7,8,9,10,12,14,15,16,17,18,19,22,24,25"
