total_value,model_obj_value,model_obj_bound,gap,gurobi_time,python_time,clustering_gurobi_time,clustering_python_time,total_python_time,operation_time,number_of_initial_fires,number_of_jobs_arrived,number_of_job_processed,number_of_vehicles,number_of_vehicles_used,initial_fire_node_IDs
121.64632525774789,121.64632521060744,121.64632521060744,0.0,0.018200159072875977,0.02,0.01980900764465332,0.02,0.04,0.047140452079105444,1,1,1,2,1,7
119.99226250433838,119.99226236139687,121.5229090909091,0.01275621193725119,0.06318306922912598,0.06,0.024302959442138672,0.02,0.08,0.1429415203756904,1,1,2,2,1,16
120.17882655179939,120.17882641037804,121.14104762431062,0.008006578551922746,0.037927865982055664,0.04,0.05135607719421387,0.05,0.09,0.14142135623730423,1,1,2,2,2,10
121.28195664971906,121.2819564830524,121.90869295525033,0.005167598630267081,0.037489891052246094,0.04,0.0050449371337890625,0.01,0.05,0.16666666666666385,1,1,2,2,2,2
120.81557661035312,120.81557644368645,121.46088284202308,0.005341251660851976,0.037407875061035156,0.04,0.00556182861328125,0.01,0.05,0.16666666666666474,1,1,2,2,2,8
121.3776955058983,121.3776954313627,121.3776954313627,0.0,0.01779007911682129,0.02,0.006620883941650391,0.01,0.03,0.07453559924998776,1,1,1,2,1,12
121.091785641667,121.09178545310519,121.73477477477478,0.005309933446464848,0.03783607482910156,0.04,0.015940189361572266,0.02,0.06,0.18856180831640956,1,1,2,2,2,4
121.09680478369451,121.09680464227316,121.09680464227316,0.0,0.016611099243164062,0.02,0.007471799850463867,0.01,0.03,0.14142135623730656,1,1,1,2,1,19
120.87694188326647,120.8769417165998,121.536689528361,0.005458012110432066,0.03805088996887207,0.04,0.008505821228027344,0.01,0.05,0.16666666666666474,1,1,2,2,2,15
121.11992854451557,121.11992843910632,121.11992843910632,0.0,0.01781010627746582,0.02,0.01886296272277832,0.02,0.04,0.10540925533894485,1,1,1,2,1,17
121.396239449167,121.39623940202655,121.75401395877293,0.0029471634253968935,0.05960893630981445,0.06,0.01981496810913086,0.02,0.08,0.04714045207910639,1,1,2,2,2,6
121.37478547854788,121.37478531188121,121.37478531188121,0.0,0.018224000930786133,0.02,0.01610708236694336,0.02,0.04,0.16666666666666174,1,1,1,2,1,24
119.40729660673883,119.40729644507888,121.27637847951375,0.015652996844246852,0.09622883796691895,0.1,0.00603795051574707,0.01,0.11,0.16165994746932177,1,1,2,2,1,22
120.60721713979366,120.607216973127,121.27594212451987,0.005544652867181892,0.03835105895996094,0.04,0.02137899398803711,0.02,0.06,0.16666666666666474,1,1,2,2,2,14
120.60721713979366,120.607216973127,121.27594212451987,0.005544652867181892,0.037641048431396484,0.04,0.017216920852661133,0.02,0.06,0.16666666666666474,1,1,2,2,2,18
121.46143842650355,121.46143832109429,121.46143832109429,0.0,0.017431020736694336,0.02,0.006925821304321289,0.01,0.03,0.1054092553389454,1,1,1,2,1,9
119.40398013895457,119.40397986030874,121.42452813582547,0.016921950825094605,0.3786628246307373,0.38,0.023144960403442383,0.02,0.4,0.2786458333333318,1,1,3,2,2,25
120.93984567725975,120.93984557725976,120.93984557725976,0.0,0.018023967742919922,0.02,0.01476907730102539,0.01,0.03,0.09999999999999731,2,2,2,2,2,"8,16"
120.61012716714403,120.61012704695898,120.61012704695898,0.0,0.019420146942138672,0.02,0.021054983139038086,0.02,0.04,0.12018504251546336,2,2,2,2,2,"12,14"
121.62868468468474,121.62868458468475,121.62868458468476,0.0,0.039633989334106445,0.04,0.026853084564208984,0.03,0.07,0.09999999999997289,2,2,2,2,2,"2,4"
121.139602832417,121.13960271223195,121.13960271223195,0.0,0.03954720497131348,0.04,0.0059070587158203125,0.01,0.05,0.12018504251545215,2,2,2,2,2,"2,14"
120.69387008774932,120.69386996756427,120.69386996756427,0.0,0.05076289176940918,0.05,0.0058591365814208984,0.01,0.060000000000000005,0.12018504251546103,2,2,2,2,2,"9,14"
121.14848166246647,121.14848151339527,121.14848151339527,0.0,0.018069028854370117,0.02,0.003726959228515625,0.0,0.02,0.14907119849998746,2,2,2,2,2,"7,15"
120.73458806596436,120.73458791689316,120.73458791689316,0.0,0.016991138458251953,0.02,0.005198955535888672,0.01,0.03,0.14907119849998507,2,2,2,2,2,"14,15"
121.01659738590138,121.01659719733956,121.01659719733956,0.0,0.01764082908630371,0.02,0.002975940704345703,0.0,0.02,0.18856180831641467,2,2,2,2,2,"7,25"
120.8110632599587,120.81106307139689,120.81106307139689,0.0,0.017469167709350586,0.02,0.0041790008544921875,0.0,0.02,0.18856180831641306,2,2,2,2,2,"8,25"
120.95394517475928,120.95394505457423,120.95394505457423,0.0,0.019257068634033203,0.02,0.015342950820922852,0.02,0.04,0.12018504251546336,2,2,2,2,2,"4,18"
120.00829709034966,120.00829690987587,121.4887887335477,0.012336578901570864,0.2591068744659424,0.26,0.005646944046020508,0.01,0.27,0.18047378541243506,2,2,4,2,2,"4,6"
120.976566538234,120.97656640079714,120.97656640079714,0.0,0.01781606674194336,0.02,0.008397102355957031,0.01,0.03,0.13743685418725704,2,2,2,2,2,"6,22"
117.37478547854786,117.3747853118812,120.84740703910042,0.029585755731028424,0.06224703788757324,0.06,0.018920183181762695,0.02,0.08,0.1666666666666643,2,2,1,2,1,"24,25"
120.35236020576137,120.35236008557632,120.35236008557632,0.0,0.04530191421508789,0.05,0.0047779083251953125,0.0,0.05,0.12018504251545481,2,2,2,2,2,"14,17"
121.02709971568676,121.0270996102775,121.02709961027752,0.0,0.04490089416503906,0.04,0.01722407341003418,0.02,0.06,0.1054092553389403,2,2,2,2,2,"2,17"
120.83171055465704,120.83171036609522,120.83171036609522,0.0,0.01750493049621582,0.02,0.009801149368286133,0.01,0.03,0.18856180831641467,2,2,2,2,2,"9,25"
121.18295194001706,121.1829518346078,121.1829518346078,0.0,0.07904911041259766,0.08,0.009924888610839844,0.01,0.09,0.10540925533894807,2,2,2,2,2,"4,9"
120.56071967632077,120.56071957091152,120.56071957091152,0.0,0.017731904983520508,0.02,0.0035848617553710938,0.0,0.02,0.10540925533894407,2,2,2,2,2,"8,17"
119.57303210264514,119.5730319409852,120.79928757042285,0.010255285907970108,0.17108893394470215,0.17,0.009348869323730469,0.01,0.18000000000000002,0.1616599474693164,2,2,3,2,2,"16,22"
120.94294753652382,120.94294738745262,120.94294738745262,0.0,0.018517017364501953,0.02,0.003609180450439453,0.0,0.02,0.14907119849998507,2,2,2,2,2,"8,15"
117.76617673162525,117.76617656388366,120.45332070540178,0.02281762234218791,0.8673570156097412,0.87,0.01166987419128418,0.01,0.88,0.16774158503743208,3,3,4,2,2,"7,16,18"
119.67235405403318,119.67235383531475,120.18765939096761,0.004305969918181674,0.059149980545043945,0.06,0.0721280574798584,0.07,0.13,0.21871842709362416,3,3,3,2,2,"9,22,24"
119.75716198920574,119.75716176261838,120.31794048635848,0.004682632048776094,0.059989213943481445,0.06,0.008810043334960938,0.01,0.06999999999999999,0.22658735967695626,3,3,3,2,2,"6,10,24"
117.02891278128396,117.0289125546966,120.15176452360527,0.026684448319120403,0.5528430938720703,0.55,0.004312992095947266,0.0,0.55,0.22658735967696014,3,3,5,2,2,"4,10,18"
119.91935750735043,119.91935736440891,120.3871669162233,0.0039010345126584667,0.19497179985046387,0.2,0.004759073257446289,0.0,0.2,0.14294152037569197,3,3,3,2,2,"4,9,17"
117.02338534561584,117.02338516335476,120.49127528030976,0.029634163394898574,0.25475215911865234,0.25,0.008669137954711914,0.01,0.26,0.182261080427646,3,3,5,2,2,"6,8,22"
120.17868032880438,120.17868013555035,120.76516721306146,0.0048801257997642,0.05488991737365723,0.05,0.008421897888183594,0.01,0.060000000000000005,0.19325402634362532,3,3,3,2,2,"4,6,22"
120.29612265331255,120.2961225479033,120.72715257849273,0.0035830750107327773,0.15118908882141113,0.15,0.006885051727294922,0.01,0.16,0.10540925533894452,3,3,3,2,2,"2,7,17"
117.69462932527541,117.69462910564692,120.08686420737006,0.02032577968851726,1.0850098133087158,1.09,0.011101007461547852,0.01,1.1,0.2196284912231529,3,3,5,2,2,"7,14,19"
118.85105950215429,118.85105928047824,120.71856670770694,0.015713006165317768,0.15449905395507812,0.15,0.016168832778930664,0.02,0.16999999999999998,0.22167605132909596,3,3,4,2,2,"4,8,16"
118.88212311118825,118.88212261475968,121.13186973820403,0.018924183670026733,0.07507801055908203,0.08,0.006253957748413086,0.01,0.09,0.49642857142857083,3,3,3,2,2,"2,4,9"
119.27024000118548,119.27023983062973,120.04490876804505,0.00649507319273765,0.060996055603027344,0.06,0.00789499282836914,0.01,0.06999999999999999,0.17055575786722746,3,3,3,2,2,"9,12,19"
117.59383676175759,117.59383648478297,120.5666456116538,0.025280314136664123,0.6696131229400635,0.67,0.011028051376342773,0.01,0.68,0.27697462364014985,3,4,4,2,2,"6,14,15"
119.65257409934834,119.65257396601501,121.04352189701386,0.011624889334966752,0.1448512077331543,0.14,0.005713939666748047,0.01,0.15000000000000002,0.1333333333333302,3,3,4,2,2,"2,4,12"
117.9148748676576,117.91487464650015,120.09440174776228,0.018483902966408446,1.459820032119751,1.46,0.006445884704589844,0.01,1.47,0.2211574514821436,3,3,4,2,2,"7,14,17"
118.04465765402779,118.04465745867196,120.60916321559567,0.021724877788912682,0.03971600532531738,0.04,0.018472909927368164,0.02,0.06,0.19535582252896883,3,3,4,2,2,"2,18,25"
119.29926877131598,119.29926864110666,120.22522697472188,0.007761643002194885,0.06071782112121582,0.06,0.003384113311767578,0.0,0.06,0.13020932000068478,3,3,3,2,2,"8,9,18"
117.22689645523474,117.2268962403527,120.05521750092174,0.0241268970797459,1.063446044921875,1.06,0.007197856903076172,0.01,1.07,0.21488203711653153,3,3,5,2,2,"4,17,19"
119.5796844561439,119.57968422066072,120.02645860215915,0.0037362064000269046,0.05282306671142578,0.05,0.01063990592956543,0.01,0.060000000000000005,0.23548317007486114,3,3,3,2,2,"8,10,25"
119.05305890581069,119.0530587417837,120.76473085806758,0.014377388824560609,0.28378796577453613,0.28,0.010987043380737305,0.01,0.29000000000000004,0.1640269875493925,3,3,4,2,2,"4,6,14"
118.84059027410352,118.84059003182634,119.87619960867673,0.008714274950781102,0.06173300743103027,0.06,0.012190103530883789,0.01,0.06999999999999999,0.24227718428740821,4,4,4,2,2,"7,16,18,24"
116.1600182502607,116.16001804097597,119.1813338815293,0.02600994637834461,0.7247381210327148,0.72,0.0051691532135009766,0.01,0.73,0.20928473376378964,4,4,5,2,2,"9,10,14,18"
115.8131249189228,115.81312467259013,119.27747203469883,0.029913253544471677,41.73793411254883,41.74,0.024698972702026367,0.02,41.760000000000005,0.24633266458515746,4,5,5,2,2,"10,15,16,19"
115.6345273370274,115.63452706329959,118.99632124498281,0.029072581235559,1.476806879043579,1.48,0.01589798927307129,0.02,1.5,0.2737278117560582,4,5,5,2,2,"10,14,19,24"
116.06134106436787,116.06134081133382,119.47184787119625,0.029385383935952053,42.713664054870605,42.71,0.013327836990356445,0.01,42.72,0.2530340416334023,4,5,5,2,2,"6,10,15,18"
118.00500574949567,118.00500547808409,119.4636015154875,0.012360459045733452,0.07496404647827148,0.08,0.005511045455932617,0.01,0.09,0.27141158591732784,4,4,4,2,2,"9,18,22,24"
115.1320377385281,115.13203740407181,118.51133374154139,0.029351485595703265,44.85004806518555,44.85,0.07271385192871094,0.07,44.92,0.3344562922602844,4,5,5,2,2,"9,10,22,24"
118.59685976274925,118.59685948821365,120.28807630397054,0.014260215852722174,0.06332111358642578,0.06,0.009087800979614258,0.01,0.06999999999999999,0.2745355992499915,4,4,4,2,2,"4,6,16,22"
117.30597346101283,117.30597323985538,119.68904825175963,0.02031503551001263,0.8991467952728271,0.9,0.01845097541809082,0.02,0.92,0.22115745148387045,4,4,5,2,2,"9,10,15,16"
117.44850086107745,117.44850067833204,119.53277843582026,0.017746312174700667,0.06363606452941895,0.06,0.023066997528076172,0.02,0.08,0.18274541464302604,4,4,4,2,2,"7,8,10,22"
118.54756390208489,118.5475636924767,119.92009012762033,0.011577854427308912,0.059921979904174805,0.06,0.017668962478637695,0.02,0.08,0.20960818704235318,4,4,4,2,2,"2,17,24,25"
117.76425075599748,117.76425056274346,119.6016248286007,0.01560213950394324,0.8453159332275391,0.85,0.009038209915161133,0.01,0.86,0.19325402634362343,4,4,4,2,2,"2,10,14,18"
119.34183177988727,119.34183158663325,120.46199448444611,0.009386171495111556,0.062281131744384766,0.06,0.008063077926635742,0.01,0.06999999999999999,0.1932540263436189,4,4,4,2,2,"2,6,16,22"
119.12464059307358,119.12464037537737,119.98561323252432,0.0072274959608180905,1.7125780582427979,1.71,0.0042819976806640625,0.0,1.71,0.21769620994633432,4,4,4,2,2,"2,9,17,25"
117.40085012404055,117.40084988833829,118.88601848628304,0.012650407551200147,0.08097219467163086,0.08,0.006834983825683594,0.01,0.09,0.23570226039551304,4,4,4,2,2,"10,17,19,25"
116.35022245639666,116.35022224080225,119.4203900895761,0.02638729681512536,1.267082929611206,1.27,0.006826162338256836,0.01,1.28,0.21559441376097277,4,4,5,2,2,"7,8,10,17"
118.1450015141535,118.14500128717889,120.35584903526163,0.01871300286931956,2.627164125442505,2.63,0.008692026138305664,0.01,2.6399999999999997,0.22697462364023313,4,4,5,2,2,"2,6,15,19"
118.66375875025165,118.66375850391898,119.57629265943073,0.007690083029702896,0.0686960220336914,0.07,0.030940771102905273,0.03,0.1,0.2463326645851711,4,4,4,2,2,"4,10,14,25"
117.63920627710885,117.63920608702688,120.10916311037633,0.02099603614735577,0.0612790584564209,0.06,0.03535795211791992,0.04,0.1,0.19008197245479372,4,4,4,2,2,"6,7,15,17"
118.50674799588789,118.50674769031775,120.67342381331791,0.018283145603338335,0.059947967529296875,0.06,0.01133108139038086,0.01,0.06999999999999999,0.3055701362757579,4,4,4,2,2,"2,4,6,14"
116.60308860915052,116.60308837960554,119.49559215340314,0.024806407909033677,1.7878320217132568,1.79,0.01918792724609375,0.02,1.81,0.22954498391242684,5,5,6,2,2,"2,6,12,19,22"
115.91737113641331,115.91737084020166,119.38308603448618,0.029898152185164745,1.4699630737304688,1.47,0.008939981460571289,0.01,1.48,0.29621165057908627,5,6,6,2,2,"2,6,10,19,24"
116.52922038929215,116.52922019501125,119.14791278346264,0.022472411503904534,0.4954109191894531,0.5,0.005172014236450195,0.01,0.51,0.19428090415820864,5,5,6,2,2,"2,16,17,18,22"
117.99078513490193,117.99078487324198,119.2434875540983,0.010616953537533464,0.08217692375183105,0.08,0.011518001556396484,0.01,0.09,0.26165994746931925,5,5,5,2,2,"7,9,10,15,24"
116.02694322251939,116.02694294387356,118.6798559234864,0.02286462878623068,1.558621883392334,1.56,0.00838613510131836,0.01,1.57,0.27864583333333137,5,5,6,2,2,"12,14,19,24,25"
116.40379422620015,116.40379397307346,118.87191032294264,0.021203057612023388,0.08580708503723145,0.09,0.012686967849731445,0.01,0.09999999999999999,0.25312667879771455,5,5,5,2,2,"6,10,18,22,25"
116.00616868917336,116.00616835261528,119.3916642694619,0.029183757768431618,2.2633790969848633,2.26,0.018117904663085938,0.02,2.28,0.336558088445627,5,6,6,2,2,"6,12,15,22,25"
116.33551174677606,116.33551143270181,118.81068474279284,0.021276163052954683,0.18131685256958008,0.18,0.02894306182861328,0.03,0.21,0.3140742496226055,5,5,5,2,2,"16,17,22,24,25"
116.6894813206623,116.68948106861053,119.73460250782044,0.026095937794251147,0.061833858489990234,0.06,0.008456945419311523,0.01,0.06999999999999999,0.25205176042696226,5,5,5,2,2,"2,6,7,10,22"
117.48223816560468,117.48223790358219,119.63186280000016,0.018297445935462817,1.994513988494873,1.99,0.01031494140625,0.01,2.0,0.2620224891956331,5,6,6,2,2,"6,7,14,16,25"
117.84841646722533,117.84841626615042,119.61882508213316,0.01502276290234074,0.1255180835723877,0.13,0.009027957916259766,0.01,0.14,0.20107491837075464,5,5,5,2,2,"2,9,16,18,24"
115.07059486524123,115.07059453655208,118.42486761922962,0.029149698028300836,50.965900897979736,50.97,0.030028104782104492,0.03,51.0,0.3286891558623035,5,6,6,2,2,"7,8,15,16,25"
115.7650565964061,115.76505627553783,118.86530491502677,0.02678052202652493,3.1174349784851074,3.12,0.008392095565795898,0.01,3.13,0.3208682638285637,5,6,6,2,2,"9,12,14,22,25"
117.70610104153255,117.70610085878714,119.54057950487683,0.015585246921827188,1.688499927520752,1.69,0.013180017471313477,0.01,1.7,0.1827454146430209,5,5,5,2,2,"2,6,8,10,18"
118.2020259399075,118.2020256653719,120.04563996776818,0.015597146428061386,0.07500386238098145,0.08,0.016716957092285156,0.02,0.1,0.2745355992499864,5,5,5,2,2,"2,7,15,16,24"
116.26454939194218,116.26454913989042,119.39499935420946,0.026925234196302248,0.4070868492126465,0.41,0.006636142730712891,0.01,0.42,0.25205176042696387,5,5,6,2,2,"4,8,12,16,22"
116.87096430173389,116.87096408976144,118.87211972422789,0.017122778528030944,1.9081780910491943,1.91,0.00796198844909668,0.01,1.92,0.21197245342270032,5,5,5,2,2,"6,10,15,17,22"
116.57560403236681,116.57560380367765,119.36281353808505,0.02390903107910361,0.11130690574645996,0.11,0.01652693748474121,0.02,0.13,0.228689155862291,5,5,5,2,2,"7,8,12,24,25"
116.3687638981128,116.36876371222976,118.78927127498022,0.020800320339710503,1.4980990886688232,1.5,0.01769089698791504,0.02,1.52,0.1858830407513743,5,5,5,2,2,"8,9,12,14,17"
116.26130062272433,116.26130040156688,119.22889275684281,0.025525194927511156,1.0848190784454346,1.08,0.010062932968139648,0.01,1.09,0.22115745148387306,5,5,6,2,2,"6,7,10,16,19"
115.42955023654774,115.42954999534547,117.99215275420391,0.02220057826580611,0.08277082443237305,0.08,0.01727604866027832,0.02,0.1,0.2412022659166384,6,6,6,2,2,"8,12,14,18,19,24"
116.06523882934745,116.06523861446541,118.96431862259003,0.02497802135016932,1.4129199981689453,1.41,0.007901191711425781,0.01,1.42,0.21488203711653747,6,6,7,2,2,"2,4,9,12,14,19"
115.41033810500936,115.41033785593817,118.59194070009647,0.027567745691289506,1.5283591747283936,1.53,0.02873086929321289,0.03,1.56,0.24907119849998438,6,6,7,2,2,"7,8,10,14,15,16"
116.17173392421901,116.17173358766092,119.57320942841173,0.029279720080824294,1.7563021183013916,1.76,0.025021791458129883,0.03,1.79,0.3365580884456286,6,7,7,2,2,"2,6,8,9,15,25"
115.9600148132209,115.96001449618902,119.3849099083273,0.02953514129002495,1.4012479782104492,1.4,0.010105133056640625,0.01,1.41,0.31703187385807047,6,7,7,2,2,"2,6,7,9,19,24"
113.45289659608994,113.45289631911533,116.75170537640051,0.029076464015572047,46.2957329750061,46.3,0.00814199447631836,0.01,46.309999999999995,0.276974623641725,6,7,7,2,2,"9,14,15,17,19,24"
116.42502374883134,116.4250235048149,118.84673051868475,0.02080057139752002,1.837033987045288,1.84,0.014097929000854492,0.01,1.85,0.24401643874645962,6,6,6,2,2,"4,7,9,14,15,19"
115.34246996533953,115.34246973539581,118.65658484055614,0.02873282592927958,1.897475004196167,1.9,0.00701594352722168,0.01,1.91,0.22994371672154534,6,6,6,2,2,"2,7,10,12,14,22"
116.72237108463652,116.72237082109386,118.5352710021788,0.015531728565243617,0.3540029525756836,0.35,0.021384000778198242,0.02,0.37,0.26354265333399907,6,6,6,2,2,"7,9,15,19,22,24"
116.21343987481961,116.21343960340803,118.71560724190375,0.021530794089174715,2.1715807914733887,2.17,0.0068950653076171875,0.01,2.1799999999999997,0.27141158591734815,6,6,6,2,2,"2,7,10,17,24,25"
117.24901102008009,117.24901079139093,119.13854384409504,0.016115556455021704,2.445089101791382,2.45,0.013608932495117188,0.01,2.46,0.22868915586230387,6,6,6,2,2,"4,6,8,9,18,25"
116.05996459425477,116.05996435984652,118.82480161155439,0.02382248923612827,0.8604280948638916,0.86,0.004636049270629883,0.0,0.86,0.23440825170409707,6,6,6,2,2,"2,4,9,10,14,18"
115.56255806422845,115.56255775506551,118.55602234889274,0.025903412419893527,3.1572320461273193,3.16,0.02069997787475586,0.02,3.18,0.30916294127474075,6,7,7,2,2,"7,10,15,16,22,25"
116.31741599142518,116.31741572260867,118.62976128363513,0.019879616020191632,2.5667569637298584,2.57,0.017364978790283203,0.02,2.59,0.26881650340820096,6,6,6,2,2,"7,9,10,12,16,24"
117.02081628885334,117.02081602893264,119.04854677035436,0.017327949079763528,0.07861804962158203,0.08,0.0197451114654541,0.02,0.1,0.2599206930102816,6,6,6,2,2,"4,6,8,12,18,24"
115.81606523803833,115.81606496922183,119.09931633196967,0.028348842309746693,2.4832379817962646,2.48,0.006731986999511719,0.01,2.4899999999999998,0.2688165034081946,6,6,7,2,2,"2,7,8,9,17,24"
114.44730576700356,114.44730534997169,117.84424887436991,0.02968128881681062,43.65421986579895,43.65,0.011999845504760742,0.01,43.66,0.41703187385806845,6,7,7,2,2,"4,7,14,15,18,25"
117.15320988090038,117.15320965922433,118.85874150609827,0.014558131628104733,0.1139979362487793,0.11,0.019739866256713867,0.02,0.13,0.22167605132908053,6,6,6,2,2,"4,9,12,15,18,24"
116.49945225894977,116.49945198705386,118.907864517956,0.02067316618081412,0.21500396728515625,0.22,0.01999211311340332,0.02,0.24,0.27189592013272224,6,6,6,2,2,"2,4,10,18,24,25"
112.76163468626712,112.76163435498289,116.12226842585083,0.029802991860586138,46.64395999908447,46.64,0.015314102172851562,0.02,46.660000000000004,0.3312842316478839,6,7,7,2,2,"4,8,9,15,16,19"
114.27287045572959,114.27287020751422,117.60504043030113,0.02915976658970627,41.8466157913208,41.85,0.024412870407104492,0.02,41.870000000000005,0.2482153704498714,7,7,7,2,2,"6,7,10,12,17,22,24"
114.63066636899983,114.630666002823,118.02295859307648,0.029593238079676985,2.769235849380493,2.77,0.01741313934326172,0.02,2.79,0.3661768242909305,7,7,7,2,2,"4,9,12,18,22,24,25"
115.00570902750293,115.00570866548044,117.90019691040622,0.025168213634899128,3.792056083679199,3.79,0.0036919116973876953,0.0,3.79,0.36202248919562807,7,7,7,2,2,"4,8,15,17,19,24,25"
112.46699827242868,112.46699794882188,115.83535794145112,0.02994976352229131,48.783486127853394,48.78,0.019816875457763672,0.02,48.800000000000004,0.3236067977499902,7,8,8,2,2,"6,9,10,12,14,18,22"
111.62522712106707,111.62522682991028,114.91461304596127,0.029468125704803495,47.70342803001404,47.7,0.006799936294555664,0.01,47.71,0.29115680116485243,7,7,7,2,2,"14,16,17,18,19,22,25"
115.33378562757373,115.33378530482277,118.41167149470168,0.02668676989785929,2.1905901432037354,2.19,0.008627891540527344,0.01,2.1999999999999997,0.3227509696998532,7,7,7,2,2,"2,4,9,18,19,24,25"
113.32652861153403,113.3265283277137,116.63210539838016,0.02916860791065183,42.21969795227051,42.22,0.00807809829711914,0.01,42.23,0.2838203330137851,7,7,7,2,2,"6,9,10,14,17,22,24"
114.74466622879993,114.7446659463954,118.18216822319445,0.029957839420657075,2.449657917022705,2.45,0.030064105987548828,0.03,2.48,0.28240453183331027,7,7,7,2,2,"4,8,9,14,16,22,24"
113.83807196945054,113.83807170590788,117.21217284157574,0.02963947899947387,46.017481088638306,46.02,0.013502120971679688,0.01,46.03,0.2635426533340116,7,7,7,2,2,"6,15,16,17,18,22,25"
113.31842033082306,113.3184199403305,116.7039000797649,0.029875814904735537,50.30035901069641,50.3,0.021736860275268555,0.02,50.32,0.3904925547372941,7,8,8,2,2,"4,6,12,16,19,22,25"
116.27086525207865,116.27086503634078,119.21224924838211,0.025297689245899993,1.5227279663085938,1.52,0.010075092315673828,0.01,1.53,0.2157378651666471,7,7,7,2,2,"2,6,7,8,9,16,24"
113.23556662741905,113.23556637013803,116.62047193182023,0.029892600621767674,43.01133108139038,43.01,0.005007028579711914,0.01,43.019999999999996,0.2572810138930194,7,7,7,2,2,"7,10,14,16,17,18,22"
115.66031583205246,115.66031558977528,118.8648948645138,0.027706817661682183,0.1717829704284668,0.17,0.009841203689575195,0.01,0.18000000000000002,0.2422771842874223,7,7,7,2,2,"2,6,7,8,10,16,24"
113.98592395897269,113.9859237039642,117.3767296632196,0.029747585044463495,44.84091591835022,44.84,0.019266843795776367,0.02,44.86000000000001,0.25500849037543916,7,8,8,2,2,"2,6,12,14,15,18,19"
115.6886598276204,115.68865961867655,118.30053095240183,0.02257672741938848,2.088963031768799,2.09,0.020797014236450195,0.02,2.11,0.2089438509540924,7,7,7,2,2,"6,7,12,14,15,16,19"
112.18557581009495,112.1855754214851,115.53652108240935,0.029869665938197797,49.96335196495056,49.96,0.005789041519165039,0.01,49.97,0.3886098488725942,7,8,8,2,2,"2,7,12,15,22,24,25"
110.94097243383403,110.94097209263177,114.25808238761687,0.02989977672284528,52.98339295387268,52.98,0.02393198013305664,0.02,53.0,0.3412022659166605,7,8,8,2,2,"9,10,12,14,16,19,25"
112.36279615711562,112.36279588937404,115.64616588101396,0.02922114891901171,49.481805086135864,49.48,0.01736307144165039,0.02,49.5,0.2677415850374238,7,8,8,2,2,"7,8,12,14,15,18,19"
113.85127397958439,113.85127377171546,117.19038135125727,0.02932868003073116,40.317556858062744,40.32,0.0380549430847168,0.04,40.36,0.2078689325833269,7,7,7,2,2,"2,6,9,10,14,17,19"
115.87531701732408,115.87531674743266,118.64699308665539,0.023919471523551467,1.0621588230133057,1.06,0.02003002166748047,0.02,1.08,0.26989142177896097,7,7,7,2,2,"2,6,8,12,14,24,25"
110.2209543126201,110.22095399558822,113.5258585287865,0.029984357904673617,79.41034698486328,79.41,0.012746095657348633,0.01,79.42,0.317031873858069,8,9,9,2,2,"2,6,7,9,14,18,19,25"
103.76990942120634,103.76990896252697,113.28382358646601,0.09168278857577755,120.03171300888062,120.03,0.016253948211669922,0.02,120.05,0.4586793682878651,8,11,11,2,2,"6,8,9,10,14,16,18,24"
112.2017333885598,112.20173315987066,115.55113233056773,0.029851581400482264,45.87223291397095,45.87,0.023021936416625977,0.02,45.89,0.2286891412538312,8,8,8,2,2,"2,6,7,9,12,14,17,18"
112.5803190292492,112.58031871351137,115.85676350342084,0.029103175646954693,50.713809967041016,50.71,0.027325868606567383,0.03,50.74,0.31573781520869726,8,9,9,2,2,"2,4,6,8,9,10,14,16"
109.18054207300074,109.18054169631532,113.62250832668367,0.04068459966725248,120.01389503479004,120.01,0.025665998458862305,0.03,120.04,0.3766854249741052,8,9,9,2,2,"6,8,10,12,18,22,24,25"
112.72420000576214,112.72419968873027,116.06357512248336,0.029624299333898475,47.4407000541687,47.44,0.0200350284576416,0.02,47.46,0.3170318738580579,8,8,8,2,2,"2,9,12,14,17,19,24,25"
109.54288735400219,109.54288701954594,113.58838939483391,0.03693076278486362,120.02141404151917,120.02,0.01894402503967285,0.02,120.03999999999999,0.33445624366486615,8,9,9,2,2,"2,10,12,15,16,18,22,24"
110.10204451529759,110.10204413839307,113.4046564623882,0.02999592196348241,97.00168919563293,97.0,0.022784948348999023,0.02,97.02,0.3769045263121772,8,9,9,2,2,"2,7,9,10,14,22,24,25"
110.2794888513534,110.27948855514175,113.58648425550685,0.029987405125764022,83.51625800132751,83.52,0.0039060115814208984,0.0,83.52,0.29621165057908794,8,9,9,2,2,"2,8,9,10,14,16,18,24"
106.00640285019398,106.0064024983088,112.84407655848295,0.06450246304965625,120.01410818099976,120.01,0.01403498649597168,0.01,120.02000000000001,0.3518851708271171,8,10,10,2,2,"6,7,9,14,15,17,18,25"
109.93142373117615,109.93142341436341,113.30241581576422,0.03066450243889379,120.02493786811829,120.03,0.01904296875,0.02,120.05,0.3168127444942168,8,9,9,2,2,"2,10,12,15,16,18,19,24"
111.55323391495608,111.55323360999208,114.8786188195478,0.029809850435907552,49.84572911262512,49.85,0.03683590888977051,0.04,49.89,0.3049640095713369,8,8,8,2,2,"2,4,6,7,9,14,17,19"
110.48065688553557,110.48065654218347,113.75500503710329,0.029637301201858954,61.668689012527466,61.67,0.020608901977539062,0.02,61.690000000000005,0.34335210265819016,8,9,9,2,2,"6,10,12,14,16,17,22,25"
111.56707610900305,111.56707585663335,114.89219526839494,0.029803769492304857,45.627137184143066,45.63,0.02513408660888672,0.03,45.660000000000004,0.25236970554515814,8,8,8,2,2,"2,8,10,12,16,17,18,19"
112.64975993623214,112.64975966741564,115.73803853547844,0.027414873118065758,46.744422912597656,46.74,0.009983062744140625,0.01,46.75,0.2688165034082012,8,8,8,2,2,"2,6,7,9,10,17,22,24"
109.83115061930614,109.83115025642783,113.6388166351319,0.03466836475639321,120.01124882698059,120.01,0.014039993286132812,0.01,120.02000000000001,0.36287831724575725,8,9,9,2,2,"2,4,9,10,14,16,19,22"
113.61871752736248,113.61871728965575,116.97235843538925,0.029516625655822575,45.99108099937439,45.99,0.018019914627075195,0.02,46.010000000000005,0.23770672527502185,8,8,8,2,2,"2,7,9,12,14,15,16,19"
113.10015082666948,113.10015044404585,116.45715221615053,0.029681673799059123,46.88732600212097,46.89,0.02906012535095215,0.03,46.92,0.38262362215396956,8,8,8,2,2,"2,4,9,16,17,22,24,25"
110.26658689850362,110.26658663318263,113.55787532414776,0.02984846807595549,52.473779916763306,52.47,0.017879009246826172,0.02,52.49,0.26532099624080985,8,8,8,2,2,"8,12,14,16,17,18,19,25"
113.12680146042771,113.1268011848172,116.31790525717399,0.028208205650077846,48.032548904418945,48.03,0.014676094055175781,0.01,48.04,0.2756105176207476,8,8,8,2,2,"2,4,6,9,16,18,22,25"
107.65665467238233,107.65665431407444,112.265693090741,0.04281239098532891,120.0361099243164,120.04,0.01824188232421875,0.02,120.06,0.35830788151634324,9,10,10,2,2,"7,8,9,12,14,15,18,22,25"
106.17158718953321,106.17158677843955,113.07528826532032,0.06502400214934646,120.01803302764893,120.02,0.020047903060913086,0.02,120.03999999999999,0.4110936644567531,9,10,10,2,2,"7,9,10,12,15,16,17,24,25"
111.6018471523506,111.60184681405326,114.93210071558848,0.02984049096502818,47.4102828502655,47.41,0.00991201400756836,0.01,47.419999999999995,0.33829734209577167,9,9,9,2,2,"2,7,8,12,14,17,22,24,25"
107.37676375564642,107.37676341007074,113.06032006140484,0.0529309738050928,120.01743698120117,120.02,0.017134904861450195,0.02,120.03999999999999,0.345575682400254,9,10,10,2,2,"2,6,8,10,14,15,17,18,22"
108.89067634270162,108.89067608590496,112.24956544176538,0.030846436780414193,120.0202989578247,120.02,0.010271072387695312,0.01,120.03,0.2567966623510034,9,9,9,2,2,"2,7,8,9,10,12,14,17,22"
108.91496708666426,108.91496665690022,113.58342121011744,0.04286329690503973,120.01013684272766,120.01,0.012228965759277344,0.01,120.02000000000001,0.42976404034203747,9,10,10,2,2,"2,7,8,10,15,16,18,24,25"
110.24502061710254,110.24502033469801,113.54276138721904,0.02991283454354008,56.28423881530762,56.28,0.014724016189575195,0.01,56.29,0.28240453183331415,9,9,9,2,2,"2,6,10,14,16,17,19,22,24"
108.21158978905717,108.21158942488543,112.73444327555428,0.04179639052255461,120.02681303024292,120.03,0.013978004455566406,0.01,120.04,0.36417174298040245,9,10,10,2,2,"2,6,7,10,14,15,18,24,25"
109.12363818962159,109.12363782652417,112.73920824561539,0.03313278856079698,120.04026818275452,120.04,0.015801191329956055,0.02,120.06,0.36309740756640557,9,10,10,2,2,"2,7,8,10,14,15,17,24,25"
106.4758009112224,106.47580063646824,113.1544660369539,0.06272472581153064,120.01736402511597,120.02,0.020200014114379883,0.02,120.03999999999999,0.27475416222541904,9,10,10,2,2,"6,7,8,9,10,12,16,18,19"
109.4668700539029,109.46686974495904,112.74816651009148,0.029975249797288942,105.30289697647095,105.3,0.021584033966064453,0.02,105.32,0.3089438509540876,9,9,9,2,2,"2,6,8,10,16,17,18,22,25"
105.60854963948437,105.6085492842559,113.11675486442604,0.07109467586720712,120.0096788406372,120.01,0.02363300323486328,0.02,120.03,0.35522846826128235,9,11,11,2,2,"4,7,8,12,14,15,17,18,24"
109.19876868020158,109.19876828291501,114.26683458430922,0.046411387061287473,120.01313185691833,120.01,0.025985002517700195,0.03,120.04,0.39728656894985687,9,10,10,2,2,"2,4,7,9,12,14,15,16,24"
106.90278250054486,106.90278200514106,112.83504352542272,0.05549211544369695,120.00899600982666,120.01,0.008605003356933594,0.01,120.02000000000001,0.4954037960208654,9,10,10,2,2,"4,8,9,10,12,14,16,22,25"
104.47299870483049,104.47299830754392,112.89125811201635,0.08057833067728229,120.01692700386047,120.02,0.03532576560974121,0.04,120.06,0.39728656894985037,9,11,11,2,2,"2,8,9,10,15,16,19,22,24"
110.4063163158077,110.40631595292939,113.71673477476062,0.02998396235993055,67.82739901542664,67.83,0.03124403953552246,0.03,67.86,0.36287831724575514,9,9,9,2,2,"2,4,8,9,15,16,17,18,19"
106.36277031677486,106.36276988803772,112.3996100256529,0.05675707904156538,120.01432919502258,120.01,0.016943931579589844,0.02,120.03,0.42873714092336845,9,10,10,2,2,"4,8,9,10,12,16,18,22,25"
111.78647751313589,111.78647720790664,115.02000309982164,0.02892591279982018,45.57029700279236,45.57,0.03252983093261719,0.03,45.6,0.30522924332469753,9,9,9,2,2,"2,4,7,10,14,15,17,18,25"
109.48022034009294,109.48021988378954,112.76111250092318,0.02996790306610833,86.6874668598175,86.69,0.011291027069091797,0.01,86.7,0.45630339335384995,9,10,10,2,2,"2,4,7,10,14,15,17,19,25"
106.9296861481029,106.92968575453094,113.42678792953119,0.06076050938665504,120.01835513114929,120.02,0.017239093780517578,0.02,120.03999999999999,0.3935719714618177,9,10,10,2,2,"4,7,9,10,12,15,18,19,22"
107.29611960868921,107.29611930162811,112.18871107222542,0.04559896296755503,120.04235410690308,120.04,0.022429943084716797,0.02,120.06,0.30706110306883677,10,10,10,2,2,"6,7,12,14,15,17,18,19,22,24"
108.16348806212957,108.16348773258484,113.51627339889268,0.04948791665762163,120.01613712310791,120.02,0.025725126266479492,0.03,120.05,0.32954473969863957,10,11,11,2,2,"2,4,7,8,9,12,14,15,18,19"
103.87328458251447,103.87328418796653,112.79042994148809,0.08584638315069835,120.03414487838745,120.03,0.020768165588378906,0.02,120.05,0.394547942788448,10,11,11,2,2,"8,9,10,12,14,15,17,18,24,25"
106.83870110304531,106.8387007167519,112.94020364234223,0.057109482656162926,120.01415491104126,120.01,0.039711952209472656,0.04,120.05000000000001,0.3862934142177153,10,11,11,2,2,"2,4,6,8,9,14,15,17,19,24"
104.98046140871857,104.98046103203396,112.93132969047932,0.07573665213776508,120.03615307807922,120.04,0.02102208137512207,0.02,120.06,0.3766846174660465,10,11,11,2,2,"4,6,8,9,10,12,15,16,17,24"
104.8716797840209,104.87167939460326,112.4971245056252,0.07271214836113649,120.03149318695068,120.03,0.02132582664489746,0.02,120.05,0.3894176363665187,10,12,12,2,2,"2,6,7,8,9,10,12,14,16,25"
109.41391586213304,109.41391543723229,113.14954580200848,0.03414218703213497,120.01543998718262,120.02,0.02050185203552246,0.02,120.03999999999999,0.4249007422638226,10,10,10,2,2,"2,4,7,8,12,14,16,19,24,25"
109.41176670386054,109.4117662946976,112.69192078687102,0.02997990621354578,119.78579497337341,119.79,0.012202978134155273,0.01,119.80000000000001,0.4091629412747445,10,10,10,2,2,"2,4,7,10,14,15,16,17,24,25"
105.25775645094686,105.2577561128686,112.97717715730248,0.07333826341648671,120.03624105453491,120.04,0.0205230712890625,0.02,120.06,0.3380782447427756,10,11,11,2,2,"2,4,8,9,10,12,16,18,19,24"
105.95035614198578,105.950355810702,110.51209914550654,0.04305547914303231,120.02926707267761,120.03,0.01807999610900879,0.02,120.05,0.3312837789534647,10,10,10,2,2,"4,6,7,9,10,16,17,18,19,25"
107.62728186408887,107.62728136761021,112.29400484363264,0.04336004233055773,120.02509307861328,120.03,0.017673015594482422,0.02,120.05,0.4964786560691367,10,10,10,2,2,"2,7,10,12,14,15,18,22,24,25"
108.1848171598418,108.18481683709086,113.22259385521461,0.04656639596395342,120.00951385498047,120.01,0.024654865264892578,0.02,120.03,0.32275092929998817,10,10,10,2,2,"2,7,8,12,15,16,17,18,24,25"
106.8710566464876,106.87105630992957,112.76955193274735,0.05519263892846671,120.06102204322815,120.06,0.0222628116607666,0.02,120.08,0.3365580339151687,10,11,11,2,2,"2,6,7,10,12,15,16,17,18,24"
106.74362855565722,106.743628224373,112.58145138481406,0.054690132399941215,120.02110600471497,120.02,0.03985905647277832,0.04,120.06,0.33128422121115086,10,11,11,2,2,"2,4,6,8,14,15,16,17,19,24"
107.8900359043133,107.89003554331848,111.41306439881818,0.0326538853913454,120.02653312683105,120.03,0.02661585807800293,0.03,120.06,0.36099482128183846,10,10,10,2,2,"4,6,7,9,10,12,15,17,19,22"
105.17716529171301,105.17716485935401,112.2238742287492,0.06699847232826873,120.03764200210571,120.04,0.01917409896850586,0.02,120.06,0.43235900460048304,10,11,11,2,2,"4,6,7,9,10,15,16,19,22,25"
106.90290298524808,106.90290259368061,112.89104290631555,0.05601475888259856,120.04219388961792,120.04,0.019700050354003906,0.02,120.06,0.39156746882652005,10,11,11,2,2,"2,4,6,14,15,17,18,19,22,24"
107.56308478985281,107.56308436602734,112.784270105419,0.04854068447520936,120.02867197990417,120.03,0.01913309097290039,0.02,120.05,0.423825467613215,10,11,11,2,2,"2,4,12,14,16,17,18,19,22,25"
106.55437613525469,106.55437571245572,112.62419756388437,0.056964548014513006,120.00977993011475,120.01,0.00740814208984375,0.01,120.02000000000001,0.4227989684366514,10,10,10,2,2,"4,7,8,10,14,18,19,22,24,25"
104.39223307255254,104.39223272428916,112.682065611461,0.07941043764305875,120.04751300811768,120.05,0.018366098403930664,0.02,120.07,0.3482633878846157,10,11,11,2,2,"2,4,8,10,12,16,18,19,22,24"
101.42770789073703,101.42770747849485,111.78577904024164,0.10212270216146753,120.02870082855225,120.03,0.018804073333740234,0.02,120.05,0.412242172263815,11,12,12,2,2,"7,8,9,10,12,15,16,17,18,22,25"
103.6893031964317,103.68930288047503,111.57130294629167,0.07601555654108696,120.04370594024658,120.04,0.02350306510925293,0.02,120.06,0.3159566691504143,11,11,11,2,2,"2,7,9,10,12,16,17,18,19,22,24"
107.01338780594685,107.01338734704854,113.09507150166715,0.0568310592290241,120.15486693382263,120.16,0.03708815574645996,0.04,120.2,0.45889831064845665,11,11,11,2,2,"2,4,6,9,10,14,15,16,17,24,25"
103.67297074018305,103.67297033803337,111.55758009697583,0.07605270431853267,120.04231309890747,120.04,0.019562959671020508,0.02,120.06,0.4021496774450709,11,12,12,2,2,"2,6,8,9,12,14,16,17,19,24,25"
106.6777584849407,106.6777581613339,111.53058307892624,0.045490503374219615,120.04066205024719,120.04,0.03622889518737793,0.04,120.08000000000001,0.3236067977499746,11,11,11,2,2,"2,4,6,7,8,10,14,16,17,19,24"
98.13087540302587,98.13087493098482,111.73896297508516,0.13867284943368613,120.02428984642029,120.02,0.020582914352416992,0.02,120.03999999999999,0.4720410522095287,11,13,13,2,2,"2,6,7,8,10,14,16,18,19,22,25"
102.58652725844144,102.5865267456085,110.77413943654622,0.07981177402799847,120.06449103355408,120.06,0.012609004974365234,0.01,120.07000000000001,0.5128329421546416,11,12,12,2,2,"2,4,7,9,10,12,15,17,19,22,25"
103.22150333498485,103.22150294534825,111.1379842629362,0.07669411015822371,120.04100298881531,120.04,0.020936965942382812,0.02,120.06,0.38963659519028065,11,11,11,2,2,"7,8,9,10,12,15,17,18,19,24,25"
103.43590278695564,103.43590236312977,111.7267178122591,0.08015413661711938,120.04455709457397,120.04,0.01867198944091797,0.02,120.06,0.4238258607346254,11,12,12,2,2,"2,7,10,12,14,16,17,18,19,22,25"
106.2669219943726,106.26692162118306,112.08474953582034,0.054747308248718124,120.03238892555237,120.03,0.022912025451660156,0.02,120.05,0.37318954038040375,11,11,11,2,2,"4,7,8,9,10,12,14,18,19,24,25"
104.48752366419049,104.48752324522808,111.61140695934014,0.06817927627007289,120.03707885742188,120.04,0.02319812774658203,0.02,120.06,0.4189624203492863,11,11,11,2,2,"2,6,7,8,10,12,16,17,22,24,25"
106.43359968797199,106.43359931236151,110.35208718582963,0.03681626759580063,120.06149506568909,120.06,0.019749879837036133,0.02,120.08,0.3756104847548036,11,11,11,2,2,"4,6,8,15,16,17,18,19,22,24,25"
103.54606526883695,103.5460648836184,111.70963524342102,0.07883998652172966,120.03410792350769,120.03,0.009002923965454102,0.01,120.04,0.385218561454694,11,11,11,2,2,"7,8,9,10,15,17,18,19,22,24,25"
106.01863429483973,106.01863395256275,112.17658910536267,0.058083705884714995,120.01895308494568,120.02,0.012006998062133789,0.01,120.03,0.3422769745772467,11,11,11,2,2,"2,4,7,9,12,14,15,16,17,19,22"
102.2056049167751,102.20560438508035,112.20608186874455,0.09784666451347786,120.041659116745,120.04,0.027881860733032227,0.03,120.07000000000001,0.531694747714859,11,13,13,2,2,"2,4,6,10,12,14,15,16,18,22,25"
104.92688558166033,104.92688521024883,111.71230857441418,0.06466811008988745,120.04112315177917,120.04,0.021983861923217773,0.02,120.06,0.37141150921756544,11,11,11,2,2,"4,6,7,10,14,17,18,19,22,24,25"
100.51530356976471,100.51530302426347,111.97541961936378,0.11401365016363663,120.0543098449707,120.05,0.02515101432800293,0.03,120.08,0.5455012304788526,11,13,13,2,2,"2,6,7,10,12,15,18,19,22,24,25"
101.62257978766006,101.62257940418066,111.71647713742658,0.09932731281204492,120.05402612686157,120.05,0.024029016494750977,0.02,120.07,0.3834794073472676,11,12,12,2,2,"2,6,8,9,10,12,14,16,18,19,22"
105.54155415847237,105.54155376311716,111.79343451147916,0.05923620152867976,120.02203702926636,120.02,0.020480871200561523,0.02,120.03999999999999,0.3953551965996848,11,11,11,2,2,"6,7,8,9,12,16,17,18,19,24,25"
106.4743840179792,106.47438360202229,112.76391099933805,0.05907080355425798,120.0256609916687,120.03,0.01984715461730957,0.02,120.05,0.4159569249445254,11,12,12,2,2,"2,4,6,8,12,14,15,16,17,18,25"
101.39663396953031,101.39663352510345,111.67518324472991,0.10136973351370412,120.04042720794678,120.04,0.024494171142578125,0.02,120.06,0.4444268594763594,12,13,13,2,2,"2,6,8,9,12,14,15,16,17,18,22,25"
101.28272001166613,101.28271964177479,111.10474899761061,0.09697635875670796,120.09741401672363,120.1,0.022954940795898438,0.02,120.11999999999999,0.3698913398059157,12,12,12,2,2,"2,6,7,8,9,10,12,15,16,17,18,24"
100.3460976572037,100.3460971529041,111.12932780813117,0.10746038920473348,120.01098203659058,120.01,0.021501779556274414,0.02,120.03,0.5042996023429035,12,13,13,2,2,"2,6,9,10,12,14,15,16,17,22,24,25"
100.07030647177531,100.07030598807683,110.17875754404169,0.10101349702247601,120.06465601921082,120.06,0.016716957092285156,0.02,120.08,0.48369848777025176,12,13,13,2,2,"2,7,8,10,12,14,15,17,18,22,24,25"
98.16825362043663,98.16825309661085,112.6347573826956,0.14736438542761623,120.02440905570984,120.02,0.02754688262939453,0.03,120.05,0.5238257688790231,12,14,14,2,2,"2,4,6,8,9,12,14,15,16,22,24,25"
101.7837273455313,101.78372693551269,112.2561602025818,0.10288907256956847,120.05141401290894,120.05,0.02357792854309082,0.02,120.07,0.41001861785725313,12,12,12,2,2,"2,4,7,8,9,10,12,17,18,22,24,25"
98.5176317858811,98.51763129279416,111.56723440739277,0.1324595703668029,120.02258396148682,120.02,0.0210268497467041,0.02,120.03999999999999,0.49308693523574265,12,13,13,2,2,"2,6,9,10,14,15,16,17,18,22,24,25"
100.68349113536303,100.6834907782038,111.50216105386988,0.10745227635679205,120.03713798522949,120.04,0.01498103141784668,0.02,120.06,0.3571592214039455,12,13,13,2,2,"2,4,6,7,8,9,10,15,16,17,19,22"
100.06445722101692,100.0644567923278,111.52113197450127,0.11449295333657257,120.03223299980164,120.03,0.027801990509033203,0.03,120.06,0.4286891245528597,12,13,13,2,2,"4,6,7,8,9,12,14,16,17,18,19,24"
102.38376394769861,102.38376345720613,111.31506378185614,0.0872335614853919,120.04072093963623,120.04,0.020617961883544922,0.02,120.06,0.49049248573364956,12,13,13,2,2,"2,4,6,7,8,12,14,17,18,19,22,24"
105.07689549827575,105.07689518933196,112.03789906281953,0.06624676015545512,120.03437399864197,120.03,0.023977041244506836,0.02,120.05,0.30894377989134225,12,12,12,2,2,"2,4,6,8,9,10,12,14,15,16,17,19"
105.3546267731718,105.35462634827113,111.86496380034845,0.06179450943669127,120.04776692390442,120.05,0.022175073623657227,0.02,120.07,0.4249006821970669,12,12,12,2,2,"2,6,7,12,14,16,17,18,19,22,24,25"
101.20370876574869,101.20370839607637,111.18886783210384,0.09866396789482267,120.05299305915833,120.05,0.021198034286499023,0.02,120.07,0.3696723176930655,12,13,13,2,2,"2,4,6,7,8,10,12,15,17,18,22,24"
100.0773206202597,100.07732012869268,111.18893905086149,0.11103034041958781,120.03221011161804,120.03,0.017290115356445312,0.02,120.05,0.4915670277883662,12,13,13,2,2,"2,7,8,10,12,14,15,17,18,19,22,25"
102.61643249679064,102.61643210036064,110.89257019760699,0.08065119716062764,120.0341248512268,120.03,0.025846004486083984,0.03,120.06,0.39642999844310506,12,12,12,2,2,"6,7,8,9,10,12,15,17,18,19,24,25"
99.92777749822079,99.92777695271936,112.13443316887914,0.12215478607049712,120.06431698799133,120.06,0.023755788803100586,0.02,120.08,0.5455014363097451,12,14,14,2,2,"2,4,6,7,8,9,10,12,15,19,22,25"
98.77219951768564,98.77219902459873,111.99325408628938,0.13385401147541537,120.10961103439331,120.11,0.01921701431274414,0.02,120.13,0.4930868947898029,12,13,13,2,2,"2,6,7,9,10,14,15,16,17,18,24,25"
103.79655464299547,103.7965542270386,110.9627173398578,0.06904047216388662,120.03091382980347,120.03,0.026807069778442383,0.03,120.06,0.4159568760761708,12,12,12,2,2,"6,8,12,14,15,16,17,18,19,22,24,25"
102.1158071820049,102.11580676497303,112.47981189134457,0.10149266264159329,120.03819680213928,120.04,0.02206897735595703,0.02,120.06,0.4170318645813823,12,13,13,2,2,"2,6,7,8,12,14,15,16,17,18,19,24"
100.842416410893,100.84241587812342,111.85301496070099,0.10918618903264683,120.04470682144165,120.04,0.029907941818237305,0.03,120.07000000000001,0.532769582539036,12,13,13,2,2,"2,4,6,7,10,12,16,17,18,19,22,25"
95.36461681159415,95.36461626609263,110.14231824389962,0.15496001091823494,120.13290905952454,120.13,0.0245819091796875,0.02,120.14999999999999,0.5455015219602395,13,15,15,2,2,"2,6,7,8,10,12,14,15,16,18,19,22,24"
101.76032388097828,101.76032345607756,112.21596985723436,0.1027477708998216,120.01753997802734,120.02,0.02423405647277832,0.02,120.03999999999999,0.4249007183997111,13,13,13,2,2,"2,6,7,9,12,14,16,17,18,19,22,24,25"
100.51245558893635,100.51245515152254,110.8085945083001,0.10243645268893418,120.0329909324646,120.03,0.020769119262695312,0.02,120.05,0.43741379874185676,13,13,13,2,2,"2,4,6,7,10,12,14,15,16,17,18,19,22"
100.72823080222364,100.72823044122848,111.56434831770143,0.10757776473394381,120.02752494812012,120.03,0.02229905128479004,0.02,120.05,0.36099515355468215,13,13,13,2,2,"4,6,7,8,9,10,12,14,15,16,17,19,22"
100.06770181261216,100.06770142913274,110.61803983338294,0.10543200506830742,120.01229596138,120.01,0.03191995620727539,0.03,120.04,0.3834794178349064,13,13,13,2,2,"2,6,8,9,10,12,14,15,16,17,18,19,22"
99.46065528220572,99.46065491253364,109.86880526330182,0.10464590606125787,120.02233505249023,120.02,0.02108311653137207,0.02,120.03999999999999,0.36967208593952566,13,13,13,2,2,"2,4,6,7,8,10,12,14,15,17,18,22,24"
101.41368612374738,101.4136856538561,110.95311400810907,0.09406450710028247,120.0286660194397,120.03,0.019514083862304688,0.02,120.05,0.46989127280607096,13,13,13,2,2,"4,6,8,9,10,12,14,15,17,19,22,24,25"
99.9864974703854,99.98649704062171,111.39242474231787,0.11407468047472699,120.04225301742554,120.04,0.022795915603637695,0.02,120.06,0.4297636920438508,13,14,14,2,2,"4,6,8,9,10,12,14,15,16,17,18,19,25"
97.95452702910205,97.95452660420125,110.64711955892022,0.12957637992581134,120.04357981681824,120.04,0.02078413963317871,0.02,120.06,0.42490080644138983,13,14,14,2,2,"2,6,7,8,9,12,14,16,17,18,19,22,24"
98.68215608928458,98.68215561831869,111.79408222597169,0.13287028972458922,120.02786207199097,120.03,0.02391505241394043,0.02,120.05,0.4709658883641463,13,14,14,2,2,"4,6,7,8,9,10,12,14,15,16,19,22,25"
100.28554999898897,100.28554949955353,110.51268606117992,0.10198016177467249,120.02396512031555,120.02,0.02065300941467285,0.02,120.03999999999999,0.49943544806788776,13,13,13,2,2,"2,6,9,10,12,14,16,17,18,19,22,24,25"
99.29109990709793,99.29109943720695,111.14936717672437,0.11942931246336683,120.02486515045166,120.02,0.008681058883666992,0.01,120.03,0.4698909717740316,13,14,14,2,2,"2,4,6,8,9,10,14,15,16,17,19,22,25"
101.61409624139655,101.61409581163248,109.73357856811043,0.07990508296732249,120.02613997459412,120.03,0.02458500862121582,0.02,120.05,0.4297640742330606,13,13,13,2,2,"4,6,7,9,10,12,15,16,17,18,19,24,25"
99.74669844353701,99.74669794365605,111.2954426619952,0.1157807221334053,120.03073406219482,120.03,0.013829946517944336,0.01,120.04,0.49988096752417327,13,13,13,2,2,"2,4,6,7,10,14,15,16,17,18,19,24,25"
100.2108001546485,100.21079976034858,110.60729706100447,0.1037462761051587,120.05285286903381,120.05,0.022290945053100586,0.02,120.07,0.39429991788983476,13,13,13,2,2,"4,6,8,9,10,12,14,15,17,18,19,22,24"
95.90181961245591,95.90181913996969,109.1176537072733,0.13780587986568815,120.02257585525513,120.02,0.01764082908630371,0.02,120.03999999999999,0.47248622071480967,13,14,14,2,2,"6,7,8,9,10,14,16,17,18,19,22,24,25"
99.87316646030752,99.87316605028875,110.35329582405912,0.10493439016936094,120.04103803634644,120.04,0.021442890167236328,0.02,120.06,0.4100187693248411,13,13,13,2,2,"4,6,8,9,10,12,14,16,17,18,22,24,25"
98.04046532533943,98.04046479405591,111.13895737069085,0.13360292206029084,120.04919195175171,120.05,0.015951871871948242,0.02,120.07,0.5312835179693851,13,13,13,2,2,"4,6,7,9,10,14,15,16,17,18,19,24,25"
102.4202789250874,102.4202785080557,110.57310436622105,0.07960167631768444,120.07239103317261,120.07,0.0196990966796875,0.02,120.08999999999999,0.417031701731314,13,13,13,2,2,"2,4,6,7,8,9,10,12,14,16,19,24,25"
99.05233000280751,99.05232953184117,110.06493111575743,0.11117963238185302,120.02167201042175,120.02,0.02364492416381836,0.02,120.03999999999999,0.4709663401497277,13,13,13,2,2,"6,8,9,10,12,14,15,16,18,19,22,24,25"
97.18676322862417,97.18676284514527,109.9174984011002,0.13099248481235806,120.05104494094849,120.05,0.021329164505004883,0.02,120.07,0.38347890914513205,14,14,14,2,2,"2,6,7,8,9,10,12,14,15,16,17,18,19,22"
96.13714292154764,96.13714242211128,110.23901784953597,0.14668498638650293,120.06895899772644,120.07,0.026938199996948242,0.03,120.1,0.49943635651281965,14,14,14,2,2,"2,6,7,8,9,10,12,14,17,18,19,22,24,25"
97.53221176950665,97.53221129854035,110.86741970163352,0.13672619768944733,120.04991292953491,120.05,0.026568889617919922,0.03,120.08,0.4709662958384408,14,14,14,2,2,"2,6,7,8,9,10,12,15,16,17,18,19,24,25"
99.0408577510148,99.04085726839129,111.72974285077964,0.1281176873096189,120.04302501678467,120.04,0.023663043975830078,0.02,120.06,0.48262349942322247,14,14,14,2,2,"2,4,6,8,9,12,14,15,16,17,18,19,24,25"
97.5764352992715,97.57643481557372,110.7686664108436,0.1351989506503708,120.01988887786865,120.02,0.02131485939025879,0.02,120.03999999999999,0.4836977681415785,14,14,14,2,2,"4,7,8,10,12,14,15,16,17,18,19,22,24,25"
94.00843889283856,94.00843847602601,110.41243884575871,0.17449497763880037,120.0748119354248,120.07,0.02328205108642578,0.02,120.08999999999999,0.41681253582071986,14,15,15,2,2,"2,4,6,7,8,9,10,12,15,16,18,19,22,24"
96.90755265929629,96.90755220321199,111.04899214857382,0.14592711944377343,120.05211901664734,120.05,0.02036309242248535,0.02,120.07,0.4560842895075543,14,14,14,2,2,"2,4,7,8,9,10,12,15,16,17,18,22,24,25"
96.66670098412159,96.66670045242691,110.68124259796184,0.1449779715242477,120.03443598747253,120.03,0.023643016815185547,0.02,120.05,0.5316946825089002,14,15,15,2,2,"2,4,6,7,8,9,10,12,14,15,16,18,22,25"
100.29684637624773,100.29684594648742,110.15482076385597,0.09828798427647652,120.01546311378479,120.02,0.024753093719482422,0.02,120.03999999999999,0.4297603090507711,14,14,14,2,2,"4,6,7,8,9,10,12,14,15,17,18,19,24,25"
95.30436864215405,95.30436810938437,110.74032609959745,0.16196485320060733,120.02438592910767,120.02,0.022495031356811523,0.02,120.03999999999999,0.5327696788643592,14,15,15,2,2,"2,4,6,7,9,10,12,14,16,18,19,22,24,25"
99.84696088268532,99.84696037838587,111.35325113636398,0.11523926932150158,120.03806686401367,120.04,0.01821589469909668,0.02,120.06,0.5042994454749767,14,14,14,2,2,"2,4,7,8,9,10,12,14,15,18,19,22,24,25"
98.33079402133129,98.33079351703248,111.26106453178791,0.1314976779122168,120.0490939617157,120.05,0.019872188568115234,0.02,120.07,0.5042988166796223,14,14,14,2,2,"2,4,8,9,10,12,14,15,16,18,19,22,24,25"
98.40473533545085,98.40473489143521,110.34790701751866,0.12136786039065833,120.0752489566803,120.08,0.020660877227783203,0.02,120.1,0.44401564491077494,14,14,14,2,2,"4,6,7,8,9,10,14,15,17,18,19,22,24,25"
95.4661796491747,95.46617917713422,110.46240900890875,0.1570842151747745,120.03559899330139,120.04,0.019577980041503906,0.02,120.06,0.4720404791657664,14,15,15,2,2,"2,4,6,7,8,9,10,15,16,18,19,22,24,25"
96.94336499207117,96.94336453862732,111.10466353872273,0.1460780639035156,120.02213907241821,120.02,0.014833927154541016,0.02,120.03999999999999,0.45344384075060984,14,14,14,2,2,"2,4,6,7,8,9,10,14,15,17,18,22,24,25"
98.40975189650732,98.40975144042321,108.98643907545505,0.1074760120843809,120.04559087753296,120.05,0.027411937713623047,0.03,120.08,0.45608411499358914,14,14,14,2,2,"4,6,7,8,10,12,14,15,16,17,18,22,24,25"
95.12805594408445,95.12805545359194,110.73446828692924,0.16405688898950388,120.03826308250427,120.04,0.022019147872924805,0.02,120.06,0.49049250575581044,14,15,15,2,2,"4,6,7,8,9,12,14,15,16,17,18,19,22,25"
95.87857064886911,95.87857022504329,110.50717637808293,0.1525743043383294,120.03613495826721,120.04,0.023663997650146484,0.02,120.06,0.42382582688732584,14,14,14,2,2,"6,7,8,9,10,12,14,16,17,18,19,22,24,25"
98.59499984142407,98.59499949633296,111.56842000818659,0.1315829461750355,120.02079105377197,120.02,0.024237871170043945,0.02,120.03999999999999,0.34509110553885847,14,14,14,2,2,"2,4,6,7,8,9,10,12,14,15,17,18,19,24"
98.16320196965926,98.16320151250031,110.30339918216241,0.12367361172624491,120.0591869354248,120.06,0.017516136169433594,0.02,120.08,0.4571589510642742,14,14,14,2,2,"2,4,7,8,9,10,12,14,17,18,19,22,24,25"
96.7111685683557,96.71116805132401,110.89632444058391,0.14667547373362225,120.07320594787598,120.07,0.009654998779296875,0.01,120.08,0.5170316993734532,15,15,15,2,2,"2,4,7,8,9,10,12,14,15,16,17,19,22,24,25"
97.31792191953748,97.31792146345317,109.97708857553634,0.13008053318151885,120.03313612937927,120.03,0.0065610408782958984,0.01,120.04,0.4560843030331902,15,15,15,2,2,"2,4,7,8,9,10,14,15,16,17,18,19,22,24,25"
92.55327142233236,92.55327094078875,108.37403327614575,0.17093682561990042,120.04172611236572,120.04,0.013344049453735352,0.01,120.05000000000001,0.48154361042019994,15,16,16,2,2,"2,4,6,7,8,9,14,15,16,17,18,19,22,24,25"
93.31992850883972,93.31992793000512,108.9053807652758,0.16701098233766945,120.04571795463562,120.05,0.02185988426208496,0.02,120.07,0.5788346021843933,15,16,16,2,2,"2,4,6,7,9,10,12,14,15,16,17,18,19,22,25"
96.14122030923834,96.14121976373656,108.88799303477307,0.13258385219535632,120.04671311378479,120.05,0.020684003829956055,0.02,120.07,0.5455017717851877,15,15,15,2,2,"2,4,6,7,8,9,10,12,14,15,16,19,22,24,25"
95.59485371049328,95.5948532406021,110.11275470353509,0.15186907004703448,120.06219482421875,120.06,0.01523590087890625,0.02,120.08,0.4698911783314184,15,15,15,2,2,"2,4,6,7,8,9,10,14,15,16,17,19,22,24,25"
95.12805344360831,95.12805295311576,109.72984973420756,0.15349622248957792,120.03046202659607,120.03,0.018609046936035156,0.02,120.05,0.4904925547372814,15,15,15,2,2,"4,6,7,8,9,12,14,15,16,17,18,19,22,24,25"
94.27912748274818,94.27912695105341,110.20267173804075,0.1688978812378514,120.0412929058075,120.04,0.021697998046875,0.02,120.06,0.5316947675864833,15,15,15,2,2,"2,4,6,7,8,9,10,12,15,16,17,18,22,24,25"
93.11212909466197,93.11212860944346,108.39744422785519,0.16416030700496184,120.01854705810547,120.02,0.014719009399414062,0.01,120.03,0.4852185020304256,15,15,15,2,2,"2,4,6,7,8,9,10,14,15,16,17,18,19,22,24"
93.95809612485806,93.95809561268979,110.92192096361488,0.18054671330134955,120.0242509841919,120.02,0.022011995315551758,0.02,120.03999999999999,0.512168269149319,15,15,15,2,2,"2,6,7,8,9,10,12,14,15,16,17,19,22,24,25"
96.02203044275338,96.02202996013008,111.14476623452985,0.15749236170781827,120.07270908355713,120.07,0.024049997329711914,0.02,120.08999999999999,0.48262329664947984,15,15,15,2,2,"2,4,6,7,8,9,12,14,15,16,17,18,19,24,25"
94.56224386866978,94.56224345185711,109.2676918929967,0.15551078215087313,120.02762293815613,120.03,0.023777008056640625,0.02,120.05,0.4168126705641525,15,15,15,2,2,"2,4,6,7,9,10,12,14,15,16,17,18,19,22,24"
95.8779134727218,95.87791292721992,109.93035402596436,0.14656598865905146,120.08803486824036,120.09,0.02208399772644043,0.02,120.11,0.5455018719557754,15,15,15,2,2,"2,4,6,7,9,10,12,14,15,16,17,19,22,24,25"
95.8779134727218,95.87791292721992,109.93063078717084,0.14656887525929158,120.08372116088867,120.08,0.02054309844970703,0.02,120.1,0.5455018719557754,15,15,15,2,2,"2,4,6,7,9,10,12,14,15,16,17,19,22,24,25"
95.62844079463315,95.62844032474257,110.53557280835322,0.1558859731789815,120.0450611114502,120.05,0.01967310905456543,0.02,120.07,0.46989058566986525,15,15,15,2,2,"4,6,7,8,9,10,12,14,15,16,17,19,22,24,25"
91.97988490920638,91.97988449239452,110.7343652968984,0.2038976337924693,120.03732299804688,120.04,0.022532939910888672,0.02,120.06,0.41681185592335623,15,16,16,2,2,"2,6,7,8,9,10,12,14,15,16,17,18,19,22,24"
93.89810852356877,93.89810812454331,110.52867530249533,0.17711291004813204,120.03613114356995,120.04,0.0375368595123291,0.04,120.08000000000001,0.3990254485020066,15,15,15,2,2,"2,4,6,7,8,9,10,12,14,16,17,18,19,22,24"
95.46392262436817,95.46392212493197,109.83821581299331,0.15057304757759643,120.03447985649109,120.03,0.022855043411254883,0.02,120.05,0.4994361915574185,15,15,15,2,2,"2,4,6,7,8,9,10,12,14,16,17,19,22,24,25"
93.01195943146752,93.01195893838062,108.28132074710487,0.1641655759431971,120.02348709106445,120.02,0.016348838806152344,0.02,120.03999999999999,0.4930868948014083,15,15,15,2,2,"2,6,7,8,9,10,14,15,16,17,18,19,22,24,25"
92.55327142233236,92.55327094078875,108.37464866583207,0.1709434746521827,120.03871607780457,120.04,0.020205020904541016,0.02,120.06,0.48154361042019994,15,16,16,2,2,"2,4,6,7,8,9,14,15,16,17,18,19,22,24,25"
91.97978467570675,91.97978425889436,109.67491497937895,0.1923806504120333,120.04468202590942,120.04,0.027019977569580078,0.03,120.07000000000001,0.41681239225732136,16,16,16,2,2,"2,4,6,7,8,9,10,12,14,15,16,17,18,19,22,24"
92.55312297304914,92.55312249150128,110.07924657923101,0.18936286119724452,120.02774715423584,120.03,0.01735687255859375,0.02,120.05,0.4815478532770086,16,16,16,2,2,"2,4,6,7,8,9,10,14,15,16,17,18,19,22,24,25"
93.40812764995626,93.40812707112181,109.77595523768075,0.175229165596012,120.04398083686829,120.04,0.026666879653930664,0.03,120.07000000000001,0.5788344458177367,16,16,16,2,2,"2,4,6,7,8,9,10,12,14,15,17,18,19,22,24,25"
93.09776099601022,93.09776041717548,109.35978815591606,0.17467689518920398,120.0871810913086,120.09,0.020358800888061523,0.02,120.11,0.578834745685946,16,16,16,2,2,"2,4,6,8,9,10,12,14,15,16,17,18,19,22,24,25"
93.27536280328506,93.27536230006143,110.73033378207012,0.18713378379445,120.04728889465332,120.05,0.017379045486450195,0.02,120.07,0.5032236279424904,16,16,16,2,2,"2,4,7,8,9,10,12,14,15,16,17,18,19,22,24,25"
90.384271302203,90.38427072336779,109.32326571025354,0.20953861590420833,120.02100205421448,120.02,0.022526025772094727,0.02,120.03999999999999,0.5788352112763527,16,17,17,2,2,"2,4,6,7,8,9,10,12,15,16,17,18,19,22,24,25"
92.74079176982244,92.74079119098747,110.54204805630378,0.19194635539238575,120.0347990989685,120.03,0.020648956298828125,0.02,120.05,0.5788349762855084,16,16,16,2,2,"2,4,6,7,8,10,12,14,15,16,17,18,19,22,24,25"
93.11801030589766,93.11800980267301,109.80556242301573,0.1792086477761436,120.02581191062927,120.03,0.026195049285888672,0.03,120.06,0.5032246385825392,16,16,16,2,2,"4,6,7,8,9,10,12,14,15,16,17,18,19,22,24,25"
91.73653625294865,91.73653570744672,108.79185027176035,0.18591627024922816,120.07053589820862,120.07,0.02871084213256836,0.03,120.1,0.5455019393997304,16,16,16,2,2,"2,6,7,8,9,10,12,14,15,16,17,18,19,22,24,25"
90.38430959761743,90.38430901878242,108.91275605189453,0.20499627904730444,120.02856016159058,120.03,0.024773120880126953,0.02,120.05,0.5788350134505733,16,17,17,2,2,"2,4,6,7,8,9,10,12,14,15,16,17,18,19,22,25"
92.61035633563836,92.61035580286907,109.14775126491482,0.17856961371844143,120.03315901756287,120.03,0.02036285400390625,0.02,120.05,0.5327692935769095,16,16,16,2,2,"2,4,6,7,8,9,10,12,14,16,17,18,19,22,24,25"
93.31996512996132,93.31996455112709,109.30209618416957,0.17126165563732482,120.02956795692444,120.03,0.019811153411865234,0.02,120.05,0.5788342255763359,16,16,16,2,2,"2,4,6,7,9,10,12,14,15,16,17,18,19,22,24,25"
93.11801030589766,93.11800980267301,109.80556242301573,0.1792086477761436,120.03408193588257,120.03,0.019526958465576172,0.02,120.05,0.5032246385825392,16,16,16,2,2,"4,6,7,8,9,10,12,14,15,16,17,18,19,22,24,25"
92.56889701573265,92.56889645857396,110.23352146085345,0.19082678608126966,120.07932090759277,120.08,0.026155948638916016,0.03,120.11,0.5571586806863589,16,16,16,2,2,"2,4,6,7,8,9,12,14,15,16,17,18,19,22,24,25"
94.69318635889755,94.69318585459904,109.64308281126972,0.15787722022180334,120.09767293930054,120.1,0.022932052612304688,0.02,120.11999999999999,0.5042985148533213,16,16,16,2,2,"2,4,6,7,8,9,10,12,14,15,16,17,18,19,24,25"
93.08033532303475,93.08033477753342,110.43550417299447,0.18645366324627813,120.05486297607422,120.06,0.023786067962646484,0.02,120.08,0.5455013178172474,16,16,16,2,2,"2,4,6,7,8,9,10,12,14,15,16,17,19,22,24,25"
93.17674311899479,93.1767425401606,108.18468740021389,0.16106964518087366,120.0230860710144,120.02,0.020309925079345703,0.02,120.03999999999999,0.5788341949663189,16,16,16,2,2,"2,4,6,7,8,9,10,12,14,15,16,18,19,22,24,25"
90.38444933773398,90.38444875890212,108.72463500874154,0.20291307300840358,120.05162787437439,120.05,0.020730018615722656,0.02,120.07,0.5788318619603843,17,17,17,2,2,"2,4,6,7,8,9,10,12,14,15,16,17,18,19,22,24,25"
