total_value,model_obj_value,model_obj_bound,gap,gurobi_time,python_time,clustering_python_time,run_time_original_mip,run_time_callback_mip,run_time_total,operation_time,number_of_initial_fires,number_of_jobs_arrived,number_of_job_processed,number_of_vehicles,number_of_vehicles_used,initial_fire_node_IDs
121.64632525774789,121.64632525774789,122.0,0.0029074017772648176,0.01533818244934082,0.02,0.02,0.02,0.02,0.06,24.0,1,1,1,2,1,7
121.49905454545454,121.49905454545454,122.0,0.0041230399398544115,0.015151023864746094,0.02,0.01,18.07,0.02,18.1,24.0,1,1,1,2,1,16
121.0820217681049,121.0820217681049,122.0,0.007581457746495252,0.013670921325683594,0.01,0.03,0.02,0.01,0.060000000000000005,24.0,1,1,1,2,1,10
121.90717117117117,121.90717117117117,122.0,0.0007614714371354465,0.015021085739135742,0.02,0.03,0.16,0.02,0.21,24.0,1,1,1,2,1,2
121.44079113180521,121.44079113180521,122.0,0.004604786110029967,0.014672040939331055,0.01,0.01,0.02,0.01,0.04,24.0,1,1,1,2,1,8
121.37769550589826,121.37769550589826,122.0,0.005127008644446542,0.014178037643432617,0.01,0.03,0.02,0.01,0.060000000000000005,24.0,1,1,1,2,1,12
121.72151351351351,121.72151351351351,122.0,0.0022878986503529486,0.015598058700561523,0.02,0.03,18.06,0.02,18.11,24.0,1,1,1,2,1,4
121.0968047836945,121.0968047836945,122.0,0.00745845621541221,0.013698101043701172,0.01,0.03,0.02,0.01,0.060000000000000005,24.0,1,1,1,2,1,19
121.50215640471859,121.50215640471859,122.0,0.004097405428946573,0.01385498046875,0.01,0.03,18.06,0.01,18.1,24.0,1,1,1,2,1,15
121.11992854451555,121.11992854451555,122.0,0.007266116039368365,0.014744997024536133,0.01,0.03,0.02,0.01,0.060000000000000005,24.0,1,1,1,2,1,17
121.74991419141915,121.74991419141915,122.0,0.0020540943313327995,0.014072895050048828,0.01,0.01,0.08,0.01,0.09999999999999999,24.0,1,1,1,2,1,6
121.37478547854786,121.37478547854786,122.0,0.005151107118229581,0.014518022537231445,0.01,0.02,18.06,0.01,18.09,24.0,1,1,1,2,1,24
121.22665234681483,121.22665234681483,122.0,0.006379353370022253,0.014101028442382812,0.01,0.03,18.07,0.01,18.110000000000003,24.0,1,1,1,2,1,22
121.23243166124576,121.23243166124576,122.0,0.006331377901410293,0.013590097427368164,0.01,0.03,18.05,0.01,18.090000000000003,24.0,1,1,1,2,1,14
121.23243166124576,121.23243166124576,122.0,0.006331377901410293,0.014063119888305664,0.01,0.03,0.02,0.01,0.060000000000000005,24.0,1,1,1,2,1,18
121.46143842650352,121.46143842650352,122.0,0.004434012806643686,0.01384592056274414,0.01,0.03,0.02,0.01,0.060000000000000005,24.0,1,1,1,2,1,9
121.37027212815347,121.37027212815347,122.0,0.005188485292194155,0.014007091522216797,0.01,0.04,18.06,0.01,18.11,24.0,1,1,1,2,1,25
120.93984567725975,120.93984567725975,122.0,0.008765963912087131,0.013131141662597656,0.01,0.03,0.37,0.01,0.41000000000000003,24.0,2,2,2,2,2,"8,16"
120.61012716714401,120.61012716714401,122.0,0.01152368267492058,0.01316690444946289,0.01,0.03,0.07,0.01,0.11,24.0,2,2,2,2,2,"12,14"
121.62868468468469,121.62868468468469,122.0,0.0030528597450340585,0.012537956237792969,0.01,0.03,0.13,0.01,0.17,24.0,2,2,2,2,2,"2,4"
121.13960283241694,121.13960283241694,122.0,0.007102525907843055,0.01267695426940918,0.01,0.03,0.07,0.01,0.11,24.0,2,2,2,2,2,"2,14"
120.69387008774929,120.69387008774929,122.0,0.010821841335447294,0.0132598876953125,0.01,0.01,0.1,0.01,0.12,24.0,2,2,2,2,2,"9,14"
121.14848166246648,121.14848166246648,122.0,0.0070287165455853355,0.013345956802368164,0.01,0.03,0.02,0.01,0.060000000000000005,24.0,2,2,2,2,2,"7,15"
120.73458806596435,120.73458806596435,122.0,0.010480939673594498,0.013257980346679688,0.01,0.01,0.05,0.01,0.07,24.0,2,2,2,2,2,"14,15"
121.01659738590136,121.01659738590136,122.0,0.008126179675691368,0.012883901596069336,0.01,0.03,0.02,0.01,0.060000000000000005,24.0,2,2,2,2,2,"7,25"
120.81106325995869,120.81106325995869,122.0,0.009841290259013652,0.012655019760131836,0.01,0.03,0.02,0.01,0.060000000000000005,24.0,2,2,2,2,2,"8,25"
120.95394517475927,120.95394517475927,122.0,0.008648372930121025,0.012846946716308594,0.01,0.03,0.02,0.01,0.060000000000000005,24.0,2,2,2,2,2,"4,18"
121.47142770493267,121.47142770493267,122.0,0.004351412550705293,0.012577056884765625,0.01,0.02,0.21,0.01,0.24,24.0,2,2,2,2,2,"4,6"
120.97656653823398,120.97656653823398,122.0,0.008459766143574323,0.013057947158813477,0.01,0.03,0.02,0.01,0.060000000000000005,24.0,2,2,2,2,2,"6,22"
120.74505760670134,120.74505760670134,122.0,0.010393323074028776,0.012437105178833008,0.01,0.01,36.06,0.01,36.08,24.0,2,2,2,2,2,"24,25"
120.3523602057613,120.3523602057613,122.0,0.013690132801897695,0.013287782669067383,0.01,0.03,0.07,0.01,0.11,24.0,2,2,2,2,2,"14,17"
121.02709971568672,121.02709971568672,122.0,0.008038697833780962,0.012810945510864258,0.01,0.03,0.07,0.01,0.11,24.0,2,2,2,2,2,"2,17"
120.83171055465701,120.83171055465701,122.0,0.009668732156320244,0.012979984283447266,0.01,0.02,0.02,0.01,0.05,24.0,2,2,2,2,2,"9,25"
121.18295194001703,121.18295194001703,122.0,0.0067422689982613,0.012638092041015625,0.01,0.03,0.16,0.01,0.2,24.0,2,2,2,2,2,"4,9"
120.56071967632076,120.56071967632076,122.0,0.01193821940963355,0.014167070388793945,0.01,0.02,0.02,0.01,0.05,24.0,2,2,2,2,2,"8,17"
120.72570689226937,120.72570689226937,122.0,0.010555275595675364,0.013455867767333984,0.01,0.02,0.26,0.01,0.29000000000000004,24.0,2,2,2,2,2,"16,22"
120.9429475365238,120.9429475365238,122.0,0.008740091795406055,0.012977123260498047,0.01,0.03,0.02,0.01,0.060000000000000005,24.0,2,2,2,2,2,"8,15"
120.03307831864768,120.03307831864768,122.0,0.016386497029850376,0.01414799690246582,0.01,0.03,54.1,0.01,54.14,24.0,3,3,3,2,2,"7,16,18"
119.83622858529469,119.83622858529469,122.0,0.01805607069122024,0.013843774795532227,0.01,0.03,54.1,0.01,54.14,24.0,3,3,3,2,2,"9,22,24"
120.14768418703883,120.14768418703883,122.0,0.015416991392672953,0.013620853424072266,0.01,0.03,54.08,0.01,54.12,24.0,3,3,3,2,2,"6,10,24"
119.84073305354715,119.84073305354715,122.0,0.018017804893500137,0.013859033584594727,0.01,0.03,54.09,0.01,54.13,24.0,3,3,3,2,2,"4,10,18"
119.94896507915217,119.94896507915217,122.0,0.017099229822403094,0.013527870178222656,0.01,0.01,54.08,0.01,54.099999999999994,24.0,3,3,3,2,2,"4,9,17"
120.16432766449655,120.16432766449655,122.0,0.01527635007145144,0.013868093490600586,0.01,0.04,54.06,0.01,54.11,24.0,3,3,3,2,2,"6,8,22"
120.17868032880443,120.17868032880443,122.0,0.01515509794426519,0.013491153717041016,0.01,0.03,54.12,0.01,54.16,24.0,3,3,3,2,2,"4,6,22"
120.25930898461024,120.25930898461024,122.0,0.014474480438038404,0.013528108596801758,0.01,0.02,54.08,0.01,54.11,24.0,3,3,3,2,2,"2,7,17"
119.59723835407596,119.59723835407596,122.0,0.020090444219209323,0.013794898986816406,0.01,0.02,54.12,0.01,54.15,24.0,3,3,3,2,2,"7,14,19"
120.24621604770736,120.24621604770736,122.0,0.014584940881606013,0.013756990432739258,0.01,0.03,54.08,0.01,54.12,24.0,3,3,3,2,2,"4,8,16"
120.90446545353058,120.90446545353058,122.0,0.009061158678961201,0.013055801391601562,0.01,0.02,54.08,0.01,54.11,24.0,3,3,3,2,2,"2,4,9"
119.5638018213275,119.5638018213275,122.0,0.020375716910650588,0.014043807983398438,0.01,0.04,54.13,0.01,54.18,24.0,3,3,3,2,2,"9,12,19"
120.24700787795145,120.24700787795145,122.0,0.014578259808575102,0.013611078262329102,0.01,0.02,54.08,0.01,54.11,24.0,3,3,3,2,2,"6,14,15"
120.7768947051747,120.7768947051747,122.0,0.010126980808796189,0.013330936431884766,0.01,0.03,54.07,0.01,54.11,24.0,3,3,3,2,2,"2,4,12"
119.95123850399811,119.95123850399811,122.0,0.01707995283378087,0.014276981353759766,0.01,0.02,54.08,0.01,54.11,24.0,3,3,3,2,2,"7,14,17"
120.46449588673178,120.46449588673178,122.0,0.012746528360621656,0.013382911682128906,0.01,0.01,0.15,0.01,0.17,24.0,3,3,3,2,2,"2,18,25"
119.88124207141438,119.88124207141438,122.0,0.017673806944071026,0.014030933380126953,0.01,0.04,54.07,0.01,54.12,24.0,3,3,3,2,2,"8,9,18"
119.58433143634315,119.58433143634315,122.0,0.020200544123481212,0.013603925704956055,0.01,0.03,54.1,0.01,54.14,24.0,3,3,3,2,2,"4,17,19"
119.5072177233565,119.5072177233565,122.0,0.02085884287268706,0.013270854949951172,0.01,0.02,54.1,0.01,54.13,24.0,3,3,3,2,2,"8,10,25"
120.34724635011953,120.34724635011953,122.0,0.013733207032192515,0.013659954071044922,0.01,0.02,54.08,0.01,54.11,24.0,3,3,3,2,2,"4,6,14"
118.89962752513674,118.89962752513674,122.0,0.02607554404834287,0.014918088912963867,0.02,0.03,72.34,0.02,72.39,24.0,4,4,4,2,2,"7,16,18,24"
117.98348319849174,117.98348319849174,119.1813338815293,0.010152698077427764,0.035748958587646484,0.04,0.01,72.48,0.04,72.53000000000002,24.0,4,4,4,2,2,"9,10,14,18"
118.37237735107922,118.37237735107922,119.35709883645809,0.008318845218917048,0.03497719764709473,0.04,0.03,72.44,0.04,72.51,24.0,4,4,4,2,2,"10,15,16,19"
117.71644116452593,117.71644116452593,118.99632124498282,0.01087256858766289,0.034436941146850586,0.03,0.01,72.62,0.03,72.66000000000001,24.0,4,4,4,2,2,"10,14,19,24"
119.13718722320732,119.13718722320732,122.0,0.02402954814963953,0.014199972152709961,0.01,0.03,72.1,0.01,72.14,24.0,4,4,4,2,2,"6,10,15,18"
118.06404300052843,118.06404300052843,119.4636015154875,0.011854231647418716,0.036013126373291016,0.04,0.01,73.11,0.04,73.16000000000001,24.0,4,4,4,2,2,"9,18,22,24"
117.91363310738757,117.91363310738757,119.32870701527823,0.012000935520338915,0.035553932189941406,0.04,0.01,72.3,0.04,72.35000000000001,24.0,4,4,4,2,2,"9,10,22,24"
119.34377123789535,119.34377123789535,122.0,0.02225695345934578,0.013712882995605469,0.01,0.03,72.28,0.01,72.32000000000001,24.0,4,4,4,2,2,"4,6,16,22"
118.65552659311301,118.65552659311301,122.0,0.028186410721143015,0.014251947402954102,0.01,0.0,72.26,0.01,72.27000000000001,24.0,4,4,4,2,2,"9,10,15,16"
118.93316726369734,118.93316726369734,122.0,0.025786185694549858,0.014479875564575195,0.01,0.04,72.17,0.01,72.22000000000001,24.0,4,4,4,2,2,"7,8,10,22"
118.99779832380209,118.99779832380209,122.0,0.02522905228909104,0.014224052429199219,0.01,0.02,72.57,0.01,72.6,24.0,4,4,4,2,2,"2,17,24,25"
118.57419238512176,118.57419238512176,122.0,0.02889167993446182,0.014070987701416016,0.01,0.01,72.58,0.01,72.60000000000001,24.0,4,4,4,2,2,"2,10,14,18"
119.2623701601151,119.2623701601151,122.0,0.022954682488780926,0.014442920684814453,0.01,0.03,72.57,0.01,72.61,24.0,4,4,4,2,2,"2,6,16,22"
119.08445127175776,119.08445127175776,122.0,0.02448303449447643,0.014076948165893555,0.01,0.01,72.35,0.01,72.37,24.0,4,4,4,2,2,"2,9,17,25"
117.91102302499255,117.91102302499255,118.88601848628305,0.00826890850640693,0.036023855209350586,0.04,0.03,72.25,0.04,72.32000000000001,24.0,4,4,4,2,2,"10,17,19,25"
118.29205381358616,118.29205381358616,119.4203900895761,0.009538563577297066,0.03663897514343262,0.04,0.02,72.39,0.04,72.45,24.0,4,4,4,2,2,"7,8,10,17"
119.76936009061698,119.76936009061698,122.0,0.018624462113643443,0.014260053634643555,0.01,0.03,72.13,0.01,72.17,24.0,4,4,4,2,2,"2,6,15,19"
117.98782689814522,117.98782689814522,119.57629265943073,0.013462963112769137,0.03468203544616699,0.03,0.01,73.61,0.03,73.65,24.0,4,4,4,2,2,"4,10,14,25"
118.97477034250912,118.97477034250912,122.0,0.025427488943931018,0.014573097229003906,0.01,0.02,72.36,0.01,72.39,24.0,4,4,4,2,2,"6,7,15,17"
120.06165974903271,120.06165974903271,122.0,0.016144539855762762,0.013993978500366211,0.01,0.02,72.17,0.01,72.2,24.0,4,4,4,2,2,"2,4,6,14"
118.07277205127099,118.07277205127099,119.49559215340314,0.012050365866859765,0.03538703918457031,0.04,0.01,90.23,0.04,90.28000000000002,24.0,5,5,5,2,2,"2,6,12,19,22"
118.13480020140767,118.13480020140767,119.3830860344862,0.010566622459684424,0.034761905670166016,0.03,0.03,90.52,0.03,90.58,24.0,5,5,5,2,2,"2,6,10,19,24"
117.08578181741711,117.08578181741711,119.14791278346264,0.01761213816090159,0.034700870513916016,0.03,0.03,92.73,0.03,92.79,24.0,5,5,5,2,2,"2,16,17,18,22"
118.2258841818958,118.2258841818958,119.2434875540983,0.008607280708824076,0.035266876220703125,0.04,0.03,90.36,0.04,90.43,24.0,5,5,5,2,2,"7,9,10,15,24"
117.77468444205022,117.77468444205022,118.67985592348641,0.00768562009505174,0.03331303596496582,0.03,0.03,90.21,0.03,90.27,24.0,5,5,5,2,2,"12,14,19,24,25"
117.5130384273662,117.5130384273662,118.87191032294265,0.011563584039369072,0.03485417366027832,0.04,0.03,90.3,0.04,90.37,24.0,5,5,5,2,2,"6,10,18,22,25"
117.34282558674748,117.34282558674748,119.3916642694619,0.017460280783845476,0.03531503677368164,0.04,0.01,95.13,0.04,95.18,24.0,5,6,6,2,2,"6,12,15,22,25"
117.73145068309961,117.73145068309961,118.81068474279286,0.009166913797726384,0.03394198417663574,0.03,0.01,90.41,0.03,90.45,24.0,5,5,5,2,2,"16,17,22,24,25"
118.34870378262781,118.34870378262781,119.73460250782044,0.011710299149014135,0.03537702560424805,0.04,0.04,90.7,0.04,90.78000000000002,24.0,5,5,5,2,2,"2,6,7,10,22"
117.48941783856316,117.48941783856316,119.63186280000019,0.018235216420774778,0.035772085189819336,0.04,0.04,92.22,0.04,92.30000000000001,24.0,5,6,6,2,2,"6,7,14,16,25"
118.08382044116675,118.08382044116675,119.61882508213318,0.012999279962585765,0.0358281135559082,0.04,0.03,90.28,0.04,90.35000000000001,24.0,5,5,5,2,2,"2,9,16,18,24"
117.353737171386,117.353737171386,119.59947908709145,0.019136518101896663,0.035552978515625,0.04,0.04,93.01,0.04,93.09000000000002,24.0,5,6,6,2,2,"7,8,15,16,25"
117.32395279877616,117.32395279877616,118.86530491502677,0.013137574037368142,0.035321950912475586,0.04,0.03,91.49,0.04,91.56,24.0,5,5,5,2,2,"9,12,14,22,25"
118.19129243720386,118.19129243720386,119.54057950487683,0.011416129224493116,0.03530621528625488,0.04,0.04,90.52,0.04,90.60000000000001,24.0,5,5,5,2,2,"2,6,8,10,18"
118.21783304219369,118.21783304219369,120.0456399677682,0.015461346892749552,0.03571486473083496,0.04,0.03,91.38,0.04,91.45,24.0,5,5,5,2,2,"2,7,15,16,24"
118.03642615961371,118.03642615961371,119.39499935420946,0.01150977913172863,0.03512692451477051,0.04,0.01,90.68,0.04,90.73000000000002,24.0,5,5,5,2,2,"4,8,12,16,22"
115.51008850860455,115.51008850860455,118.8721197242279,0.02910595307329284,0.03728199005126953,0.04,0.02,94.64,0.04,94.7,24.0,5,6,6,2,2,"6,10,15,17,22"
118.5081135399459,118.5081135399459,122.0,0.029465378831442485,0.01482391357421875,0.01,0.01,90.19,0.01,90.21000000000001,24.0,5,5,5,2,2,"7,8,12,24,25"
116.36876389811297,116.36876389811297,118.78927127498022,0.020800318709121392,0.03637409210205078,0.04,0.03,96.83,0.04,96.9,24.0,5,5,5,2,2,"8,9,12,14,17"
113.22052329530058,113.22052329530058,116.33725344566581,0.027527961006117287,0.33715200424194336,0.34,0.04,99.51,0.34,99.89000000000001,24.0,5,7,7,2,2,"6,7,10,16,19"
116.56122194478634,116.56122194478634,117.99215275420391,0.012276216614264646,0.03472900390625,0.03,0.01,109.13,0.03,109.17,24.0,6,6,6,2,2,"8,12,14,18,19,24"
116.74962742338175,116.74962742338175,118.96431862259003,0.018969578302609067,0.03518819808959961,0.04,0.03,111.46,0.04,111.53,24.0,6,6,6,2,2,"2,4,9,12,14,19"
114.78734859913854,114.78734859913854,117.220008866575,0.021192755971146435,0.07819819450378418,0.08,0.04,116.57,0.08,116.69,24.0,6,6,6,2,2,"7,8,10,14,15,16"
117.79277715924495,117.79277715924495,119.57320942841172,0.015114952818879434,0.03471183776855469,0.03,0.04,108.69,0.03,108.76,24.0,6,6,6,2,2,"2,6,8,9,15,25"
117.92622190616291,117.92622190616291,119.3849099083273,0.012369496610559704,0.03431081771850586,0.03,0.04,108.6,0.03,108.67,24.0,6,6,6,2,2,"2,6,7,9,19,24"
113.46323218278533,113.46323218278533,116.72017018800771,0.028704787820388957,0.07852411270141602,0.08,0.03,121.61,0.08,121.72,24.0,6,7,7,2,2,"9,14,15,17,19,24"
115.60985381425206,115.60985381425206,118.84673051868475,0.0279982769430131,0.03576397895812988,0.04,0.02,112.66,0.04,112.72,24.0,6,6,6,2,2,"4,7,9,14,15,19"
116.44374660695863,116.44374660695863,118.65658484055614,0.0190034956627312,0.03829693794250488,0.04,0.01,112.25,0.04,112.30000000000001,24.0,6,6,6,2,2,"2,7,10,12,14,22"
114.81077050238943,114.81077050238943,117.17581996804884,0.020599543538558425,0.06814813613891602,0.07,0.03,118.12,0.07,118.22,24.0,6,7,7,2,2,"7,9,15,19,22,24"
116.29733751767776,116.29733751767776,118.71560724190377,0.020793852858913636,0.035176992416381836,0.04,0.02,115.76,0.04,115.82000000000001,24.0,6,6,6,2,2,"2,7,10,17,24,25"
117.63975896113251,117.63975896113251,119.13854384409505,0.012740462035949333,0.036041975021362305,0.04,0.04,109.38,0.04,109.46000000000001,24.0,6,6,6,2,2,"4,6,8,9,18,25"
116.7367596701356,116.7367596701356,118.82480161155439,0.01788675604256104,0.03430604934692383,0.03,0.01,109.28,0.03,109.32000000000001,24.0,6,6,6,2,2,"2,4,9,10,14,18"
115.09183755773878,115.09183755773878,118.44633029591537,0.0291462262603438,0.047879934310913086,0.05,0.03,114.23,0.05,114.31,24.0,6,7,7,2,2,"7,10,15,16,22,25"
113.56482473478309,113.56482473478309,116.64426322054703,0.02711612942612821,0.12542510032653809,0.13,0.01,116.61,0.13,116.75,24.0,6,7,7,2,2,"7,9,10,12,16,24"
117.53846601733758,117.53846601733758,119.04854677035436,0.012847545184008395,0.035264015197753906,0.04,0.01,109.05,0.04,109.10000000000001,24.0,6,6,6,2,2,"4,6,8,12,18,24"
117.0016615448002,117.0016615448002,119.09931633196969,0.01792841878887585,0.03474307060241699,0.03,0.02,113.42,0.03,113.47,24.0,6,6,6,2,2,"2,7,8,9,17,24"
115.66713879895816,115.66713879895816,118.9023461779738,0.027969978445120613,0.03541398048400879,0.04,0.02,116.15,0.04,116.21000000000001,24.0,6,7,7,2,2,"4,7,14,15,18,25"
117.20260376425327,117.20260376425327,118.85874150609826,0.014130554174173625,0.0354459285736084,0.04,0.03,109.12,0.04,109.19000000000001,24.0,6,6,6,2,2,"4,9,12,15,18,24"
117.18523842250914,117.18523842250914,118.90786451795601,0.014700026373936062,0.03354907035827637,0.03,0.03,109.32,0.03,109.38,24.0,6,6,6,2,2,"2,4,10,18,24,25"
116.5179384838058,116.5179384838058,118.90011083712425,0.020444683319294422,0.040680885314941406,0.04,0.03,113.16,0.04,113.23,24.0,6,6,6,2,2,"4,8,9,15,16,19"
112.23309138315709,112.23309138315709,115.54643395836003,0.029521975509802043,0.0818479061126709,0.08,0.03,140.74,0.08,140.85000000000002,24.0,7,7,7,2,2,"6,7,10,12,17,22,24"
111.80039608777082,111.80039608777082,114.73998743619788,0.026293210500965322,0.4305860996246338,0.43,0.03,168.02,0.43,168.48000000000002,24.0,7,8,8,2,2,"4,9,12,18,22,24,25"
109.62969273802496,109.62969273802496,112.90611462896682,0.02988626355791507,1.3801829814910889,1.38,0.02,168.01,1.38,169.41,24.0,7,9,9,2,2,"4,8,15,17,19,24,25"
113.05206432341558,113.05206432341558,115.691723879348,0.02334906108729669,0.07846784591674805,0.08,0.01,136.04,0.08,136.13,24.0,7,8,8,2,2,"6,9,10,12,14,18,22"
111.7368878094122,111.7368878094122,114.88345329413319,0.028160489757760577,0.0769507884979248,0.08,0.03,154.82,0.08,154.93,24.0,7,8,8,2,2,"14,16,17,18,19,22,25"
115.9039016505165,115.9039016505165,118.41167149470168,0.021636630074342293,0.0341188907623291,0.03,0.01,128.25,0.03,128.29,24.0,7,7,7,2,2,"2,4,9,18,19,24,25"
113.34839685416372,113.34839685416372,116.39101489750351,0.026843061991026464,0.07011198997497559,0.07,0.02,137.99,0.07,138.08,24.0,7,7,7,2,2,"6,9,10,14,17,22,24"
111.83746249039166,111.83746249039166,115.18479000619904,0.029930288485353996,0.24521899223327637,0.25,0.02,166.42,0.25,166.69,24.0,7,8,8,2,2,"4,8,9,14,16,22,24"
113.75352692880908,113.75352692880908,116.21859452296599,0.02167025199754581,0.06859588623046875,0.07,0.02,138.33,0.07,138.42000000000002,24.0,7,8,8,2,2,"6,15,16,17,18,22,25"
115.11736112769688,115.11736112769688,118.26911119966213,0.027378581658670003,0.034664154052734375,0.03,0.01,131.69,0.03,131.73,24.0,7,7,7,2,2,"4,6,12,16,19,22,25"
116.42439563123811,116.42439563123811,119.21224924838212,0.023945613821129367,0.035562992095947266,0.04,0.04,133.95,0.04,134.02999999999997,24.0,7,7,7,2,2,"2,6,7,8,9,16,24"
113.96338341641882,113.96338341641882,117.31067906701561,0.02937167667588345,0.035440921783447266,0.04,0.02,138.3,0.04,138.36,24.0,7,7,7,2,2,"7,10,14,16,17,18,22"
113.12995624769118,113.12995624769118,116.3421321395406,0.028393681023057657,0.12015199661254883,0.12,0.04,142.06,0.12,142.22,24.0,7,7,7,2,2,"2,6,7,8,10,16,24"
113.72328951774955,113.72328951774955,116.91236552260864,0.02804241785814109,0.07444286346435547,0.07,0.01,136.53,0.07,136.60999999999999,24.0,7,8,8,2,2,"2,6,12,14,15,18,19"
114.12127612933138,114.12127612933138,116.96102169263455,0.02488357701227369,0.07269406318664551,0.07,0.01,136.34,0.07,136.42,24.0,7,7,7,2,2,"6,7,12,14,15,16,19"
116.14265423951686,116.14265423951686,118.62369165918707,0.021361983122528443,0.03420710563659668,0.03,0.01,132.69,0.03,132.73,24.0,7,7,7,2,2,"2,7,12,15,22,24,25"
107.456849514897,107.456849514897,110.64274335555972,0.029648122525879995,2.6168689727783203,2.62,0.03,168.06,2.62,170.71,24.0,7,9,9,2,2,"9,10,12,14,16,19,25"
113.30631266059879,113.30631266059879,116.49715584993208,0.028161212861027813,0.0751340389251709,0.08,0.01,136.57,0.08,136.66,24.0,7,8,8,2,2,"7,8,12,14,15,18,19"
112.68575724578062,112.68575724578062,115.02378631493994,0.020748221659102915,0.07268810272216797,0.07,0.02,141.51,0.07,141.6,24.0,7,8,8,2,2,"2,6,9,10,14,17,19"
116.14287305212845,116.14287305212845,118.6469930866554,0.02156068615078106,0.03374600410461426,0.03,0.01,131.94,0.03,131.98,24.0,7,7,7,2,2,"2,6,8,12,14,24,25"
113.10188334839094,113.10188334839094,115.76292994717774,0.02352787168530076,0.07296419143676758,0.07,0.04,156.6,0.07,156.70999999999998,24.0,8,9,9,2,2,"2,6,7,9,14,18,19,25"
109.09248945578781,109.09248945578781,112.2330529956249,0.028788082071496527,0.33257079124450684,0.33,0.04,192.01,0.33,192.38,24.0,8,10,10,2,2,"6,8,9,10,14,16,18,24"
109.50663369397185,109.50663369397185,112.78356118634375,0.029924465594747672,0.6064870357513428,0.61,0.03,192.02,0.61,192.66000000000003,24.0,8,9,9,2,2,"2,6,7,9,12,14,17,18"
112.77742068319715,112.77742068319715,115.93056622762928,0.02795901453793336,0.07524394989013672,0.08,0.05,158.53,0.08,158.66000000000003,24.0,8,9,9,2,2,"2,4,6,8,9,10,14,16"
113.27838990258869,113.27838990258869,115.29372400381887,0.017790984696756586,0.07470393180847168,0.07,0.01,151.76,0.07,151.83999999999997,24.0,8,8,8,2,2,"6,8,10,12,18,22,24,25"
112.35233975172856,112.35233975172856,115.11777068633624,0.024613914945773363,0.07524609565734863,0.08,0.03,154.18,0.08,154.29000000000002,24.0,8,8,8,2,2,"2,9,12,14,17,19,24,25"
103.54780756657594,103.54780756657594,105.59156039422948,0.019737287304122844,1.2884180545806885,1.29,0.03,192.02,1.29,193.34,24.0,8,10,10,2,2,"2,10,12,15,16,18,22,24"
111.02638413732431,111.02638413732431,114.1382295317812,0.028027981084279657,0.2646610736846924,0.26,0.03,192.02,0.26,192.31,24.0,8,9,9,2,2,"2,7,9,10,14,22,24,25"
111.74377799622616,111.74377799622616,115.02612694742204,0.029373885598415493,0.10389089584350586,0.1,0.03,180.72,0.1,180.85,24.0,8,9,9,2,2,"2,8,9,10,14,16,18,24"
111.18912284705075,111.18912284705075,113.82032280516539,0.023664184865762945,0.1624748706817627,0.16,0.02,192.02,0.16,192.20000000000002,24.0,8,9,9,2,2,"6,7,9,14,15,17,18,25"
108.04944951520923,108.04944951520923,111.21273824708156,0.02927630585870831,2.375709056854248,2.38,0.03,192.01,2.38,194.42,24.0,8,9,9,2,2,"2,10,12,15,16,18,19,24"
113.33281727246839,113.33281727246839,115.64820875175678,0.02043001784489183,0.07150697708129883,0.07,0.02,157.06,0.07,157.15,24.0,8,8,8,2,2,"2,4,6,7,9,14,17,19"
108.15301686812074,108.15301686812074,111.09912316185456,0.027240167487202257,0.35439610481262207,0.35,0.03,192.03,0.35,192.41,24.0,8,9,9,2,2,"6,10,12,14,16,17,22,25"
111.78195651638933,111.78195651638933,114.18257762211915,0.021475926710746468,0.0754241943359375,0.08,0.03,177.37,0.08,177.48000000000002,24.0,8,8,8,2,2,"2,8,10,12,16,17,18,19"
111.8489256073868,111.8489256073868,114.87603885231368,0.02706430328667334,0.07606101036071777,0.08,0.02,164.49,0.08,164.59000000000003,24.0,8,8,8,2,2,"2,6,7,9,10,17,22,24"
112.8876469431375,112.8876469431375,115.70766829045006,0.024980778886577654,0.07311201095581055,0.07,0.01,160.52,0.07,160.6,24.0,8,8,8,2,2,"2,4,9,10,14,16,19,22"
111.12746086015277,111.12746086015277,114.43780072424089,0.029788675440483473,0.5380229949951172,0.54,0.01,166.23,0.54,166.77999999999997,24.0,8,9,9,2,2,"2,7,9,12,14,15,16,19"
112.80387847353505,112.80387847353505,115.80864296381043,0.026637067190737825,0.0782780647277832,0.08,0.01,154.51,0.08,154.6,24.0,8,8,8,2,2,"2,4,9,16,17,22,24,25"
110.38292917431451,110.38292917431451,113.5764478024181,0.02893127272479288,0.08264398574829102,0.08,0.03,192.01,0.08,192.12,24.0,8,9,9,2,2,"8,12,14,16,17,18,19,25"
114.53473590747396,114.53473590747396,116.84627519583411,0.02018199343671174,0.07059693336486816,0.07,0.04,154.75,0.07,154.85999999999999,24.0,8,8,8,2,2,"2,4,6,9,16,18,22,25"
107.75804758332359,107.75804758332359,110.63526498933356,0.026700719533593778,0.6156880855560303,0.62,0.01,216.02,0.62,216.65,24.0,9,11,11,2,2,"7,8,9,12,14,15,18,22,25"
109.59739432156414,109.59739432156414,111.9014420654205,0.021022833235397633,0.23042082786560059,0.23,0.03,216.01,0.23,216.26999999999998,24.0,9,9,9,2,2,"7,9,10,12,15,16,17,24,25"
110.72654226622262,110.72654226622262,113.79348524711442,0.02769835414455431,0.14230799674987793,0.14,0.03,188.9,0.14,189.07,24.0,9,9,9,2,2,"2,7,8,12,14,17,22,24,25"
110.75229546326486,110.75229546326486,113.99089736993258,0.02924184905713244,0.0762021541595459,0.08,0.02,216.01,0.08,216.11,24.0,9,9,9,2,2,"2,6,8,10,14,15,17,18,22"
107.83065793879734,107.83065793879734,110.99320197800635,0.02932880221322595,0.4952700138092041,0.5,0.03,216.03,0.5,216.56,24.0,9,10,10,2,2,"2,7,8,9,10,12,14,17,22"
109.77320655446115,109.77320655446115,112.28751478950727,0.022904571288064782,0.3246290683746338,0.32,0.05,216.09,0.32,216.46,24.0,9,9,9,2,2,"2,7,8,10,15,16,18,24,25"
106.85143612654808,106.85143612654808,110.05577904551453,0.029988767911096913,0.9228949546813965,0.92,0.02,216.03,0.92,216.97,24.0,9,10,10,2,2,"2,6,10,14,16,17,19,22,24"
113.01050065560372,113.01050065560372,114.95409260219265,0.01719833055613093,0.07080888748168945,0.07,0.04,178.46,0.07,178.57,24.0,9,9,9,2,2,"2,6,7,10,14,15,18,24,25"
112.02608868543018,112.02608868543018,114.53067948347707,0.022357210069877516,0.07629704475402832,0.08,0.02,182.68,0.08,182.78000000000003,24.0,9,9,9,2,2,"2,7,8,10,14,15,17,24,25"
104.91002780035082,104.91002780035082,107.78093828850257,0.027365453506648964,0.6089508533477783,0.61,0.01,216.01,0.61,216.63,24.0,9,10,10,2,2,"6,7,8,9,10,12,16,18,19"
108.81401443230159,108.81401443230159,112.00345782272898,0.029310961525196653,0.31160712242126465,0.31,0.03,216.03,0.31,216.37,24.0,9,10,10,2,2,"2,6,8,10,16,17,18,22,25"
110.98991605346095,110.98991605346095,113.5355177596096,0.02293543230470153,0.14632606506347656,0.15,0.04,216.02,0.15,216.21,24.0,9,9,9,2,2,"4,7,8,12,14,15,17,18,24"
109.63095506677689,109.63095506677689,112.8240651876933,0.029125990181983346,0.7432780265808105,0.74,0.01,216.02,0.74,216.77,24.0,9,10,10,2,2,"2,4,7,9,12,14,15,16,24"
109.86450692462265,109.86450692462265,112.97801435489339,0.02833952035489407,0.16895580291748047,0.17,0.01,216.02,0.17,216.2,24.0,9,10,10,2,2,"4,8,9,10,12,14,16,22,25"
109.31026568944068,109.31026568944068,112.32787691746002,0.02760592711934862,0.28839707374572754,0.29,0.03,216.02,0.29,216.34,24.0,9,10,10,2,2,"2,8,9,10,15,16,19,22,24"
106.56700658353901,106.56700658353901,109.67789702192383,0.02919187221371517,2.672621011734009,2.67,0.03,216.03,2.67,218.73,24.0,9,11,11,2,2,"2,4,8,9,15,16,17,18,19"
109.8645069246233,109.8645069246233,113.15517229635887,0.02995203331675858,0.16750311851501465,0.17,0.01,216.02,0.17,216.2,24.0,9,10,10,2,2,"4,8,9,10,12,16,18,22,25"
108.86858991589291,108.86858991589291,112.1002733378883,0.02968425901806978,0.31809091567993164,0.32,0.03,216.01,0.32,216.35999999999999,24.0,9,10,10,2,2,"2,4,7,10,14,15,17,18,25"
106.70409570949792,106.70409570949792,109.59963728840724,0.02713618029051512,0.9210810661315918,0.92,0.02,216.03,0.92,216.97,24.0,9,11,11,2,2,"2,4,7,10,14,15,17,19,25"
111.78345557635869,111.78345557635869,114.89321245145048,0.02781947345479521,0.07049012184143066,0.07,0.01,170.09,0.07,170.17,24.0,9,9,9,2,2,"4,7,9,10,12,15,18,19,22"
106.42208644895118,106.42208644895118,109.45483317020117,0.028497343196750315,0.7022380828857422,0.7,0.03,240.02,0.7,240.75,24.0,10,10,10,2,2,"6,7,12,14,15,17,18,19,22,24"
109.78547972584721,109.78547972584721,112.86304710116791,0.028032553876941653,0.14656400680541992,0.15,0.01,240.01,0.15,240.17,24.0,10,10,10,2,2,"2,4,7,8,9,12,14,15,18,19"
103.7999919373813,103.7999919373813,106.90361776711335,0.029900058485595606,0.6985418796539307,0.7,0.03,240.01,0.7,240.73999999999998,24.0,10,11,11,2,2,"8,9,10,12,14,15,17,18,24,25"
107.47253452611403,107.47253452611403,110.50794306665628,0.028243574546059448,0.5461330413818359,0.55,0.03,240.01,0.55,240.59,24.0,10,11,11,2,2,"2,4,6,8,9,14,15,17,19,24"
107.21216258243555,107.21216258243555,110.28599562251792,0.02867056279849676,0.643463134765625,0.64,0.03,240.02,0.64,240.69,24.0,10,10,10,2,2,"4,6,8,9,10,12,15,16,17,24"
104.90340075773783,104.90340075773783,108.03632127197022,0.029864813643816088,1.2352259159088135,1.24,0.01,240.02,1.24,241.27,24.0,10,11,11,2,2,"2,6,7,8,9,10,12,14,16,25"
109.75605574848763,109.75605574848763,112.33855973754875,0.023529489752976196,0.2665369510650635,0.27,0.01,240.02,0.27,240.3,24.0,10,10,10,2,2,"2,4,7,8,12,14,16,19,24,25"
110.57809218589296,110.57809218589296,112.73156628261717,0.019474690276840755,0.15692687034606934,0.16,0.02,227.93,0.16,228.11,24.0,10,10,10,2,2,"2,4,7,10,14,15,16,17,24,25"
105.98326205414477,105.98326205414477,109.08223289753587,0.029240191171016203,2.764349937438965,2.76,0.01,240.02,2.76,242.79,24.0,10,11,11,2,2,"2,4,8,9,10,12,16,18,19,24"
103.51791204074635,103.51791204074635,106.4222639086326,0.028056515154044524,0.658087968826294,0.66,0.02,240.03,0.66,240.71,24.0,10,12,12,2,2,"4,6,7,9,10,16,17,18,19,25"
107.07378032741344,107.07378032741344,109.72102565968903,0.02472356280109623,0.4004700183868408,0.4,0.01,240.01,0.4,240.42,24.0,10,11,11,2,2,"2,7,10,12,14,15,18,22,24,25"
109.617044049567,109.617044049567,112.58250830379419,0.02705294856232624,0.15992212295532227,0.16,0.03,240.02,0.16,240.21,24.0,10,10,10,2,2,"2,7,8,12,15,16,17,18,24,25"
104.36745172118248,104.36745172118248,107.31555161755074,0.02824731128095479,2.733091115951538,2.73,0.03,240.01,2.73,242.76999999999998,24.0,10,11,11,2,2,"2,6,7,10,12,15,16,17,18,24"
107.45778706560047,107.45778706560047,110.63901954684839,0.029604485334374597,0.437546968460083,0.44,0.03,240.03,0.44,240.5,24.0,10,11,11,2,2,"2,4,6,8,14,15,16,17,19,24"
105.9225921846855,105.9225921846855,108.95558303921486,0.02863403162604885,0.669978141784668,0.67,0.04,240.02,0.67,240.73,24.0,10,10,10,2,2,"4,6,7,9,10,12,15,17,19,22"
103.76182554428186,103.76182554428186,106.73686860825661,0.02867184581968548,2.0101277828216553,2.01,0.05,240.02,2.01,242.08,24.0,10,12,12,2,2,"4,6,7,9,10,15,16,19,22,25"
109.16230635515409,109.16230635515409,112.16714798175008,0.02752636626071172,0.14945697784423828,0.15,0.02,240.02,0.15,240.19000000000003,24.0,10,10,10,2,2,"2,4,6,14,15,17,18,19,22,24"
105.76202215046858,105.76202215046858,108.69988444302415,0.027778045775031054,0.7070589065551758,0.71,0.03,240.02,0.71,240.76000000000002,24.0,10,11,11,2,2,"2,4,12,14,16,17,18,19,22,25"
109.63502799117629,109.63502799117629,111.80576900726152,0.019799703214012383,0.14031291007995605,0.14,0.04,240.04,0.14,240.21999999999997,24.0,10,10,10,2,2,"4,7,8,10,14,18,19,22,24,25"
107.96344462024582,107.96344462024582,110.74834095587187,0.025794808098442302,0.43739795684814453,0.44,0.01,240.03,0.44,240.48,24.0,10,11,11,2,2,"2,4,8,10,12,16,18,19,22,24"
101.60828475947942,101.60828475947942,104.55074621775185,0.028958873434756213,0.7807779312133789,0.78,0.03,264.02,0.78,264.8299999999999,24.0,11,12,12,2,2,"7,8,9,10,12,15,16,17,18,22,25"
102.63528820436336,102.63528820436336,105.70978014225625,0.02995550547654798,2.9271841049194336,2.93,0.04,264.01,2.93,266.98,24.0,11,11,11,2,2,"2,7,9,10,12,16,17,18,19,22,24"
108.34953595709223,108.34953595709223,111.5577825831082,0.029610155665885672,0.17310500144958496,0.17,0.02,264.03,0.17,264.21999999999997,24.0,11,11,11,2,2,"2,4,6,9,10,14,15,16,17,24,25"
106.01254714130019,106.01254714130019,109.1829534625039,0.029905953650731523,0.38042593002319336,0.38,0.03,264.01,0.38,264.41999999999996,24.0,11,11,11,2,2,"2,6,8,9,12,14,16,17,19,24,25"
101.70616482927409,101.70616482927409,104.6452732077939,0.028898035664342105,2.6231868267059326,2.62,0.02,264.03,2.62,266.66999999999996,24.0,11,12,12,2,2,"2,4,6,7,8,10,14,16,17,19,24"
100.95431325570222,100.95431325570222,103.88482308616747,0.02902807949416396,1.2447800636291504,1.24,0.05,264.02,1.24,265.31,24.0,11,12,12,2,2,"2,6,7,8,10,14,16,18,19,22,25"
103.08170717985286,103.08170717985286,105.72835546447801,0.025675246918518642,0.7222139835357666,0.72,0.04,264.03,0.72,264.79,24.0,11,12,12,2,2,"2,4,7,9,10,12,15,17,19,22,25"
103.42961604869055,103.42961604869055,106.477602202379,0.029469181750163175,2.4805750846862793,2.48,0.04,264.03,2.48,266.55,24.0,11,11,11,2,2,"7,8,9,10,12,15,17,18,19,24,25"
101.68336047578099,101.68336047578099,104.56691803935172,0.02835820482405812,0.6037280559539795,0.6,0.04,264.01,0.6,264.65000000000003,24.0,11,12,12,2,2,"2,7,10,12,14,16,17,18,19,22,25"
106.43920461586404,106.43920461586404,109.60493198771937,0.02974211789049291,0.1972489356994629,0.2,0.01,264.01,0.2,264.21999999999997,24.0,11,12,12,2,2,"4,7,8,9,10,12,14,18,19,24,25"
104.30429041590023,104.30429041590023,107.40352545474923,0.029713399386460452,0.6964449882507324,0.7,0.04,264.03,0.7,264.77,24.0,11,11,11,2,2,"2,6,7,8,10,12,16,17,22,24,25"
103.68392069028059,103.68392069028059,106.57265958294256,0.027861011364443602,0.8850719928741455,0.89,0.04,264.02,0.89,264.95,24.0,11,12,12,2,2,"4,6,8,15,16,17,18,19,22,24,25"
103.40750180550143,103.40750180550143,106.4458512811248,0.029382292605213415,0.6257419586181641,0.63,0.02,264.02,0.63,264.66999999999996,24.0,11,12,12,2,2,"7,8,9,10,15,17,18,19,22,24,25"
105.61809019518466,105.61809019518466,108.75764561649804,0.029725546215723122,0.3210728168487549,0.32,0.03,264.01,0.32,264.35999999999996,24.0,11,11,11,2,2,"2,4,7,9,12,14,15,16,17,19,22"
104.0215732045004,104.0215732045004,106.39742300198863,0.022839971789481068,0.805365800857544,0.81,0.02,264.02,0.81,264.84999999999997,24.0,11,13,13,2,2,"2,4,6,10,12,14,15,16,18,22,25"
105.27054340113656,105.27054340113656,108.33938343849114,0.029151934987745518,0.4969370365142822,0.5,0.02,264.01,0.5,264.53,24.0,11,11,11,2,2,"4,6,7,10,14,17,18,19,22,24,25"
104.00723101973624,104.00723101973624,107.07659146823691,0.029511029362162693,0.5683379173278809,0.57,0.01,264.02,0.57,264.59999999999997,24.0,11,12,12,2,2,"2,6,7,10,12,15,18,19,22,24,25"
101.34704596134418,101.34704596134418,103.81877229382195,0.024388735843573955,0.9695560932159424,0.97,0.01,264.01,0.97,264.99,24.0,11,12,12,2,2,"2,6,8,9,10,12,14,16,18,19,22"
104.48651074810155,104.48651074810155,107.21597542287434,0.02612265119421052,0.48874783515930176,0.49,0.03,264.01,0.49,264.53,24.0,11,11,11,2,2,"6,7,8,9,12,16,17,18,19,24,25"
103.78611136003099,103.78611136003099,106.89306896136947,0.02993615967131222,0.4381890296936035,0.44,0.03,264.02,0.44,264.48999999999995,24.0,11,12,12,2,2,"2,4,6,8,12,14,15,16,17,18,25"
96.97520034947055,96.97520034947055,99.87782778657775,0.029931646716345725,2.4895620346069336,2.49,0.04,288.02,2.49,290.55,24.0,12,14,14,2,2,"2,6,8,9,12,14,15,16,17,18,22,25"
101.03190032313086,101.03190032313086,104.01573517161735,0.029533591261208397,1.3536491394042969,1.35,0.04,288.01,1.35,289.40000000000003,24.0,12,12,12,2,2,"2,6,7,8,9,10,12,15,16,17,18,24"
100.92731033667846,100.92731033667846,103.9519212838797,0.029968211152279677,0.7488839626312256,0.75,0.03,288.01,0.75,288.78999999999996,24.0,12,12,12,2,2,"2,6,9,10,12,14,15,16,17,22,24,25"
100.01243642352516,100.01243642352516,102.50205664917483,0.02489310644435075,1.5112190246582031,1.51,0.04,288.01,1.51,289.56,24.0,12,13,13,2,2,"2,7,8,10,12,14,15,17,18,22,24,25"
101.95194559593486,101.95194559593486,104.95679727062887,0.029473215612805553,1.9654769897460938,1.97,0.01,288.02,1.97,290.0,24.0,12,13,13,2,2,"2,4,6,8,9,12,14,15,16,22,24,25"
99.95913914712874,99.95913914712874,102.86358318451157,0.029056313031145777,0.8938558101654053,0.89,0.06,288.02,0.89,288.96999999999997,24.0,12,13,13,2,2,"2,4,7,8,9,10,12,17,18,22,24,25"
104.38579872388252,104.38579872388252,107.44674334557155,0.029323381715799582,0.5936281681060791,0.59,0.03,288.03,0.59,288.6499999999999,24.0,12,12,12,2,2,"2,6,9,10,14,15,16,17,18,22,24,25"
100.9737344622239,100.9737344622239,103.956887875313,0.029543855429108153,1.2527811527252197,1.25,0.04,288.01,1.25,289.3,24.0,12,13,13,2,2,"2,4,6,7,8,9,10,15,16,17,19,22"
101.62452814066933,101.62452814066933,104.66471721084369,0.029915898511884007,1.1486029624938965,1.15,0.03,288.1,1.15,289.28,24.0,12,12,12,2,2,"4,6,7,8,9,12,14,16,17,18,19,24"
103.39942202235511,103.39942202235511,106.22388444723228,0.027316036875588295,0.587824821472168,0.59,0.03,288.03,0.59,288.6499999999999,24.0,12,12,12,2,2,"2,4,6,7,8,12,14,17,18,19,22,24"
104.16898644444572,104.16898644444572,107.28899483692463,0.02995141355381083,0.6785190105438232,0.68,0.03,288.01,0.68,288.71999999999997,24.0,12,12,12,2,2,"2,4,6,8,9,10,12,14,15,16,17,19"
103.29065160532892,103.29065160532892,105.93037496175903,0.025556265890512818,0.8112730979919434,0.81,0.03,288.01,0.81,288.84999999999997,24.0,12,12,12,2,2,"2,6,7,12,14,16,17,18,19,22,24,25"
99.070332111416,99.070332111416,102.01719368369544,0.02974514680101567,4.044497013092041,4.04,0.05,288.02,4.04,292.11,24.0,12,13,13,2,2,"2,4,6,7,8,10,12,15,17,18,22,24"
100.01243642352583,100.01243642352583,102.61333809074944,0.02600578248298531,0.6714169979095459,0.67,0.03,288.03,0.67,288.72999999999996,24.0,12,13,13,2,2,"2,7,8,10,12,14,15,17,18,19,22,25"
99.45502174284093,99.45502174284093,102.34663996619273,0.02907463265986311,1.8155829906463623,1.82,0.04,288.03,1.82,289.89,24.0,12,12,12,2,2,"6,7,8,9,10,12,15,17,18,19,24,25"
99.21698436840907,99.21698436840907,101.45831998709536,0.02259024130751488,1.5480899810791016,1.55,0.01,288.01,1.55,289.57,24.0,12,13,13,2,2,"2,4,6,7,8,9,10,12,15,19,22,25"
103.23443319484412,103.23443319484412,106.04649010807373,0.027239524896912545,1.0152878761291504,1.02,0.02,288.02,1.02,289.05999999999995,24.0,12,12,12,2,2,"2,6,7,9,10,14,15,16,17,18,24,25"
102.01748558851193,102.01748558851193,104.81530397082886,0.0274248906074979,0.9718809127807617,0.97,0.04,288.01,0.97,289.02000000000004,24.0,12,12,12,2,2,"6,8,12,14,15,16,17,18,19,22,24,25"
100.94387742143664,100.94387742143664,101.92940748620163,0.009763148493399341,0.8240411281585693,0.82,0.04,288.03,0.82,288.89,24.0,12,12,12,2,2,"2,6,7,8,12,14,15,16,17,18,19,24"
99.93672224915841,99.93672224915841,102.33703947481646,0.02401837054124787,1.832902193069458,1.83,0.03,288.01,1.83,289.86999999999995,24.0,12,13,13,2,2,"2,4,6,7,10,12,16,17,18,19,22,25"
95.30655277952991,95.30655277952991,97.98501336558435,0.028103635143015327,1.3751070499420166,1.38,0.01,312.02,1.38,313.40999999999997,24.0,13,14,14,2,2,"2,6,7,8,10,12,14,15,16,18,19,22,24"
100.17667168929512,100.17667168929512,103.11274205010375,0.02930892303863971,1.6443250179290771,1.64,0.03,312.02,1.64,313.68999999999994,24.0,13,13,13,2,2,"2,6,7,9,12,14,16,17,18,19,22,24,25"
99.38843039870522,99.38843039870522,102.29951819411228,0.029290006731457346,1.9515788555145264,1.95,0.03,312.02,1.95,313.99999999999994,24.0,13,13,13,2,2,"2,4,6,7,10,12,14,15,16,17,18,19,22"
99.2739359610515,99.2739359610515,102.24754463663595,0.029953568847628752,1.3268568515777588,1.33,0.03,312.02,1.33,313.37999999999994,24.0,13,13,13,2,2,"4,6,7,8,9,10,12,14,15,16,17,19,22"
98.8618538205323,98.8618538205323,101.81440799494277,0.029865454270869226,2.185051918029785,2.19,0.03,312.01,2.19,314.22999999999996,24.0,13,13,13,2,2,"2,6,8,9,10,12,14,15,16,17,18,19,22"
95.409972297174,95.409972297174,98.19951371976981,0.029237419898909697,2.713150978088379,2.71,0.05,312.05,2.71,314.81,24.0,13,14,14,2,2,"2,4,6,7,8,10,12,14,15,17,18,22,24"
100.02442273983665,100.02442273983665,102.69781923236599,0.02672743735280367,1.0414049625396729,1.04,0.05,312.01,1.04,313.1,24.0,13,13,13,2,2,"4,6,8,9,10,12,14,15,17,19,22,24,25"
98.76874569585888,98.76874569585888,101.71779080789297,0.029858080015667657,0.9429998397827148,0.94,0.04,312.02,0.94,313.0,24.0,13,14,14,2,2,"4,6,8,9,10,12,14,15,16,17,18,19,25"
98.17742003531724,98.17742003531724,100.88683407336696,0.027597119959712334,2.2377140522003174,2.24,0.04,312.03,2.24,314.31,24.0,13,13,13,2,2,"2,6,7,8,9,12,14,16,17,18,19,22,24"
98.0991280225798,98.0991280225798,100.76048413500015,0.027129253501700614,1.8770520687103271,1.88,0.01,312.03,1.88,313.91999999999996,24.0,13,13,13,2,2,"4,6,7,8,9,10,12,14,15,16,19,22,25"
97.48588702009032,97.48588702009032,100.2584781160404,0.0284409485383119,1.5920970439910889,1.59,0.04,312.02,1.59,313.65,24.0,13,13,13,2,2,"2,6,9,10,12,14,16,17,18,19,22,24,25"
100.10215711758062,100.10215711758062,102.89736001975798,0.027923503175801723,1.1366817951202393,1.14,0.03,312.01,1.14,313.17999999999995,24.0,13,14,14,2,2,"2,4,6,8,9,10,14,15,16,17,19,22,25"
98.26832537784468,98.26832537784468,101.12542809158676,0.029074502926110055,2.7095651626586914,2.71,0.04,312.02,2.71,314.77,24.0,13,13,13,2,2,"4,6,7,9,10,12,15,16,17,18,19,24,25"
100.61300384916828,100.61300384916828,103.56063553139782,0.029296726759578885,0.876474142074585,0.88,0.02,312.01,0.88,312.90999999999997,24.0,13,13,13,2,2,"2,4,6,7,10,14,15,16,17,18,19,24,25"
98.44222260890756,98.44222260890756,101.36094632855567,0.029649104238977354,1.7258939743041992,1.73,0.04,312.01,1.73,313.78000000000003,24.0,13,13,13,2,2,"4,6,8,9,10,12,14,15,17,18,19,22,24"
97.69593657023589,97.69593657023589,99.94347624972535,0.023005457119228852,0.8151390552520752,0.82,0.03,312.02,0.82,312.86999999999995,24.0,13,13,13,2,2,"6,7,8,9,10,14,16,17,18,19,22,24,25"
94.98885059773339,94.98885059773339,96.92927393067323,0.02042790623035653,1.056001901626587,1.06,0.04,312.01,1.06,313.11,24.0,13,14,14,2,2,"4,6,8,9,10,12,14,16,17,18,22,24,25"
101.14199321507566,101.14199321507566,104.00523447526481,0.02830912432287697,0.6865711212158203,0.69,0.03,312.02,0.69,312.73999999999995,24.0,13,13,13,2,2,"4,6,7,9,10,14,15,16,17,18,19,24,25"
100.20649718569322,100.20649718569322,103.08550083616282,0.0287307084004194,0.8391399383544922,0.84,0.01,312.02,0.84,312.86999999999995,24.0,13,13,13,2,2,"2,4,6,7,8,9,10,12,14,16,19,24,25"
99.91995093028424,99.91995093028424,102.51849420921714,0.026006250550962933,0.7825300693511963,0.78,0.01,312.01,0.78,312.79999999999995,24.0,13,14,14,2,2,"6,8,9,10,12,14,15,16,18,19,22,24,25"
94.94147226544997,94.94147226544997,97.75045614718682,0.029586479066630863,1.7520349025726318,1.75,0.03,336.03,1.75,337.80999999999995,24.0,14,14,14,2,2,"2,6,7,8,9,10,12,14,15,16,17,18,19,22"
93.15318106768142,93.15318106768142,95.7894486734526,0.02830034976321177,2.123427152633667,2.12,0.04,336.02,2.12,338.18,24.0,14,15,15,2,2,"2,6,7,8,9,10,12,14,17,18,19,22,24,25"
93.92958850898079,93.92958850898079,96.56820899198289,0.02809147282434668,0.6619369983673096,0.66,0.04,336.04,0.66,336.74000000000007,24.0,14,14,14,2,2,"2,6,7,8,9,10,12,15,16,17,18,19,24,25"
97.9975389334955,97.9975389334955,100.88712923680376,0.0294863558284788,0.7365410327911377,0.74,0.04,336.02,0.74,336.8,24.0,14,14,14,2,2,"2,4,6,8,9,12,14,15,16,17,18,19,24,25"
96.72666794728582,96.72666794728582,99.5196671406728,0.028875172200794788,0.6854469776153564,0.69,0.04,336.02,0.69,336.75,24.0,14,14,14,2,2,"4,7,8,10,12,14,15,16,17,18,19,22,24,25"
92.62350867841403,92.62350867841403,94.09926350730588,0.015932832279282647,1.4300780296325684,1.43,0.01,336.01,1.43,337.45,24.0,14,16,16,2,2,"2,4,6,7,8,9,10,12,15,16,18,19,22,24"
96.44312562196501,96.44312562196501,99.20498346045443,0.028637166419878075,0.8825628757476807,0.88,0.04,336.02,0.88,336.94,24.0,14,14,14,2,2,"2,4,7,8,9,10,12,15,16,17,18,22,24,25"
97.1972841547753,97.1972841547753,99.88992003097003,0.02770278922512918,1.4771230220794678,1.48,0.01,336.03,1.48,337.52,24.0,14,15,15,2,2,"2,4,6,7,8,9,10,12,14,15,16,18,22,25"
98.24025294537827,98.24025294537827,100.87428460064287,0.026812142439506123,0.6384189128875732,0.64,0.04,336.01,0.64,336.69,24.0,14,14,14,2,2,"4,6,7,8,9,10,12,14,15,17,18,19,24,25"
95.87139663371951,95.87139663371951,98.64653634220063,0.0289464825372645,1.3025801181793213,1.3,0.02,336.05,1.3,337.37,24.0,14,15,15,2,2,"2,4,6,7,9,10,12,14,16,18,19,22,24,25"
101.02829081965764,101.02829081965764,103.88486630653416,0.028275005582106737,0.27636194229125977,0.28,0.01,336.01,0.28,336.29999999999995,24.0,14,14,14,2,2,"2,4,7,8,9,10,12,14,15,18,19,22,24,25"
100.53628245526264,100.53628245526264,103.20393470872078,0.026534224145847198,0.5680749416351318,0.57,0.01,336.01,0.57,336.59,24.0,14,14,14,2,2,"2,4,8,9,10,12,14,15,16,18,19,22,24,25"
98.14625746250712,98.14625746250712,100.86583666337263,0.027709453943309224,1.0053880214691162,1.01,0.03,336.03,1.01,337.06999999999994,24.0,14,14,14,2,2,"4,6,7,8,9,10,14,15,17,18,19,22,24,25"
96.86488978916992,96.86488978916992,98.59848866800294,0.017897082034638807,0.9668309688568115,0.97,0.05,336.02,0.97,337.04,24.0,14,15,15,2,2,"2,4,6,7,8,9,10,15,16,18,19,22,24,25"
98.01212764368674,98.01212764368674,100.91357667765465,0.029602959385963277,1.0754060745239258,1.08,0.03,336.02,1.08,337.12999999999994,24.0,14,14,14,2,2,"2,4,6,7,8,9,10,14,15,17,18,22,24,25"
92.86203299638854,92.86203299638854,95.54507917037118,0.028892821828346054,1.1630501747131348,1.16,0.04,336.02,1.16,337.22,24.0,14,15,15,2,2,"4,6,7,8,10,12,14,15,16,17,18,22,24,25"
92.92206079491451,92.92206079491451,95.66242594042698,0.02949100700167044,1.400141954421997,1.4,0.04,336.03,1.4,337.46999999999997,24.0,14,15,15,2,2,"4,6,7,8,9,12,14,15,16,17,18,19,22,25"
93.30019462168332,93.30019462168332,96.02287856208918,0.02918197492991184,3.7922210693359375,3.79,0.04,336.01,3.79,339.84000000000003,24.0,14,14,14,2,2,"6,7,8,9,10,12,14,16,17,18,19,22,24,25"
97.96566996197075,97.96566996197075,100.87847862764933,0.02973295305191405,1.001349925994873,1.0,0.04,336.01,1.0,337.05,24.0,14,14,14,2,2,"2,4,6,7,8,9,10,12,14,15,17,18,19,24"
96.13739957270352,96.13739957270352,97.80093786388595,0.01730375793995124,0.6563761234283447,0.66,0.04,336.02,0.66,336.72,24.0,14,14,14,2,2,"2,4,7,8,9,10,12,14,17,18,19,22,24,25"
95.89417657030833,95.89417657030833,98.64967115499522,0.028734743685572963,1.212263822555542,1.21,0.04,360.01,1.21,361.26,24.0,15,15,15,2,2,"2,4,7,8,9,10,12,14,15,16,17,19,22,24,25"
97.49181900425116,97.49181900425116,99.3712365398594,0.019277694834335668,0.8091840744018555,0.81,0.03,360.01,0.81,360.84999999999997,24.0,15,15,15,2,2,"2,4,7,8,9,10,14,15,16,17,18,19,22,24,25"
94.85451915423297,94.85451915423297,97.29033451144194,0.02567948663835766,0.7440791130065918,0.74,0.02,360.03,0.74,360.78999999999996,24.0,15,15,15,2,2,"2,4,6,7,8,9,14,15,16,17,18,19,22,24,25"
90.96022781812158,90.96022781812158,93.21346030899397,0.02477162321292572,1.8177039623260498,1.82,0.03,360.02,1.82,361.86999999999995,24.0,15,16,16,2,2,"2,4,6,7,9,10,12,14,15,16,17,18,19,22,25"
94.63437670893794,94.63437670893794,97.11427697722996,0.026205067910145683,0.816972017288208,0.82,0.01,360.01,0.82,360.84,24.0,15,15,15,2,2,"2,4,6,7,8,9,10,12,14,15,16,19,22,24,25"
96.10065758935454,96.10065758935454,98.88144567688789,0.028936202491099204,0.5940330028533936,0.59,0.02,360.03,0.59,360.63999999999993,24.0,15,15,15,2,2,"2,4,6,7,8,9,10,14,15,16,17,19,22,24,25"
92.92206079491416,92.92206079491416,95.53857807215522,0.02815819252024452,1.797818899154663,1.8,0.04,360.02,1.8,361.86,24.0,15,15,15,2,2,"4,6,7,8,9,12,14,15,16,17,18,19,22,24,25"
92.13663821257583,92.13663821257583,94.78639876075803,0.02875903223285318,1.2976341247558594,1.3,0.04,360.04,1.3,361.38000000000005,24.0,15,15,15,2,2,"2,4,6,7,8,9,10,12,15,16,17,18,22,24,25"
93.64869372739865,93.64869372739865,96.10784674337971,0.02625934135439615,1.3194091320037842,1.32,0.03,360.02,1.32,361.36999999999995,24.0,15,15,15,2,2,"2,4,6,7,8,9,10,14,15,16,17,18,19,22,24"
93.07894994205049,93.07894994205049,95.75365392089729,0.028735863269966373,1.446702003479004,1.45,0.05,360.02,1.45,361.52,24.0,15,15,15,2,2,"2,6,7,8,9,10,12,14,15,16,17,19,22,24,25"
94.11127598616108,94.11127598616108,96.87420971580936,0.029358158208954335,0.8707089424133301,0.87,0.04,360.01,0.87,360.92,24.0,15,15,15,2,2,"2,4,6,7,8,9,12,14,15,16,17,18,19,24,25"
91.95740725627144,91.95740725627144,94.56822593765315,0.0283916082377764,1.2499208450317383,1.25,0.04,360.02,1.25,361.31,24.0,15,15,15,2,2,"2,4,6,7,9,10,12,14,15,16,17,18,19,22,24"
94.34878322644306,94.34878322644306,97.1739011874174,0.02994334282185576,1.3207249641418457,1.32,0.04,360.01,1.32,361.37,24.0,15,15,15,2,2,"2,4,6,7,9,10,12,14,15,16,17,19,22,24,25"
94.34878322644306,94.34878322644306,97.1739011874174,0.02994334282185576,1.315293788909912,1.32,0.04,360.02,1.32,361.38,24.0,15,15,15,2,2,"2,4,6,7,9,10,12,14,15,16,17,19,22,24,25"
93.8147867791764,93.8147867791764,96.4432950451026,0.02801805937174114,1.5255990028381348,1.53,0.04,360.02,1.53,361.59,24.0,15,15,15,2,2,"4,6,7,8,9,10,12,14,15,16,17,19,22,24,25"
90.95033417842777,90.95033417842777,93.64817314784571,0.029662771377236306,2.193882942199707,2.19,0.04,360.02,2.19,362.25,24.0,15,15,15,2,2,"2,6,7,8,9,10,12,14,15,16,17,18,19,22,24"
90.1469410881205,90.1469410881205,92.49603725883381,0.0260585233659456,1.7854740619659424,1.79,0.04,360.01,1.79,361.84000000000003,24.0,15,16,16,2,2,"2,4,6,7,8,9,10,12,14,16,17,18,19,22,24"
93.72235452362568,93.72235452362568,96.2009413171201,0.026446057678476364,1.3450939655303955,1.35,0.03,360.02,1.35,361.4,24.0,15,15,15,2,2,"2,4,6,7,8,9,10,12,14,16,17,19,22,24,25"
94.50278990567969,94.50278990567969,96.30227521366156,0.019041610409363353,0.8839089870452881,0.88,0.03,360.03,0.88,360.93999999999994,24.0,15,15,15,2,2,"2,6,7,8,9,10,14,15,16,17,18,19,22,24,25"
94.85451915423297,94.85451915423297,97.29033451144194,0.02567948663835766,0.7496659755706787,0.75,0.04,360.03,0.75,360.82,24.0,15,15,15,2,2,"2,4,6,7,8,9,14,15,16,17,18,19,22,24,25"
90.1469410881205,90.1469410881205,92.70639292152636,0.028391998691380354,1.8978610038757324,1.9,0.04,384.01,1.9,385.95,24.0,16,16,16,2,2,"2,4,6,7,8,9,10,12,14,15,16,17,18,19,22,24"
93.14025788199265,93.14025788199265,95.2568348550637,0.022724620064427135,1.0645232200622559,1.06,0.03,384.02,1.06,385.10999999999996,24.0,16,16,16,2,2,"2,4,6,7,8,9,10,14,15,16,17,18,19,22,24,25"
91.97841218076209,91.97841218076209,93.89566345721171,0.020844578972310474,0.7472710609436035,0.75,0.04,384.01,0.75,384.8,24.0,16,16,16,2,2,"2,4,6,7,8,9,10,12,14,15,17,18,19,22,24,25"
92.35432136559251,92.35432136559251,94.84567554084558,0.02697604333413729,1.2570610046386719,1.26,0.04,384.02,1.26,385.32,24.0,16,16,16,2,2,"2,4,6,8,9,10,12,14,15,16,17,18,19,22,24,25"
92.70419450207002,92.70419450207002,95.25413468087895,0.027506200690325677,0.7666168212890625,0.77,0.04,384.07,0.77,384.88,24.0,16,16,16,2,2,"2,4,7,8,9,10,12,14,15,16,17,18,19,22,24,25"
88.53915915081305,88.53915915081305,90.33305951857042,0.020261095598409017,0.985382080078125,0.99,0.03,384.03,0.99,385.04999999999995,24.0,16,17,17,2,2,"2,4,6,7,8,9,10,12,15,16,17,18,19,22,24,25"
90.67116809596203,90.67116809596203,92.94042881825114,0.025027368345882862,0.7324790954589844,0.73,0.04,384.02,0.73,384.79,24.0,16,16,16,2,2,"2,4,6,7,8,10,12,14,15,16,17,18,19,22,24,25"
90.73002405124176,90.73002405124176,92.54037241655969,0.01995313441441944,0.8123209476470947,0.81,0.05,384.02,0.81,384.88,24.0,16,16,16,2,2,"4,6,7,8,9,10,12,14,15,16,17,18,19,22,24,25"
89.75264523796093,89.75264523796093,92.14664384092069,0.02667329298888688,1.6771860122680664,1.68,0.04,384.02,1.68,385.74,24.0,16,16,16,2,2,"2,6,7,8,9,10,12,14,15,16,17,18,19,22,24,25"
88.53915915081383,88.53915915081383,90.84975006482027,0.026096824683761427,1.1515090465545654,1.15,0.05,384.01,1.15,385.21,24.0,16,17,17,2,2,"2,4,6,7,8,9,10,12,14,15,16,17,18,19,22,25"
89.9315623111843,89.9315623111843,92.12208226702928,0.02435763262140691,1.563460111618042,1.56,0.03,384.06,1.56,385.65,24.0,16,16,16,2,2,"2,4,6,7,8,9,10,12,14,16,17,18,19,22,24,25"
90.96022781812285,90.96022781812285,92.96166272061326,0.022003406879018965,1.8785431385040283,1.88,0.04,384.05,1.88,385.97,24.0,16,16,16,2,2,"2,4,6,7,9,10,12,14,15,16,17,18,19,22,24,25"
90.73002405124176,90.73002405124176,92.54037241655969,0.01995313441441944,0.8090171813964844,0.81,0.05,384.01,0.81,384.87,24.0,16,16,16,2,2,"4,6,7,8,9,10,12,14,15,16,17,18,19,22,24,25"
90.6602809795336,90.6602809795336,92.13275323179883,0.01624164668756809,1.1257410049438477,1.13,0.04,384.01,1.13,385.18,24.0,16,16,16,2,2,"2,4,6,7,8,9,12,14,15,16,17,18,19,22,24,25"
93.0252781580686,93.0252781580686,95.81180180314566,0.029954477968259244,0.5786740779876709,0.58,0.03,384.01,0.58,384.61999999999995,24.0,16,16,16,2,2,"2,4,6,7,8,9,10,12,14,15,16,17,18,19,24,25"
91.62392187875014,91.62392187875014,94.06291648744198,0.026619626825399034,1.4355690479278564,1.44,0.04,384.01,1.44,385.49,24.0,16,16,16,2,2,"2,4,6,7,8,9,10,12,14,15,16,17,19,22,24,25"
92.9662072828981,92.9662072828981,94.21888126755489,0.01347450887014119,0.794903039932251,0.8,0.01,384.02,0.8,384.83,24.0,16,16,16,2,2,"2,4,6,7,8,9,10,12,14,15,16,18,19,22,24,25"
88.53915915081383,88.53915915081383,90.78145843329109,0.025325509119166412,1.0937519073486328,1.09,0.04,408.02,1.09,409.15,24.0,17,17,17,2,2,"2,4,6,7,8,9,10,12,14,15,16,17,18,19,22,24,25"
