total_value,model_obj_value,model_obj_bound,gap,gurobi_time,python_time,run_time_original_mip,run_time_callback_mip,run_time_total,operation_time,number_of_initial_fires,number_of_jobs_arrived,number_of_job_processed,number_of_vehicles,number_of_vehicles_used,initial_fire_node_IDs
121.6463253,121.6463253,122,0.002907402,0.029631853,0.03,0.08,0.03,0.11,24,1,1,1,2,1,7
121.4990545,121.4990545,122,0.00412304,0.02346015,0.02,6.68,0.02,6.7,24,1,1,1,2,1,16
121.0820218,121.0820218,122,0.007581458,0.022663116,0.02,0.08,0.02,0.1,24,1,1,1,2,1,10
121.9071712,121.9071712,122,0.000761471,0.022901058,0.02,0.08,0.02,0.1,24,1,1,1,2,1,2
121.4407911,121.4407911,122,0.004604786,0.022635221,0.02,0.08,0.02,0.1,24,1,1,1,2,1,8
121.3776955,121.3776955,122,0.005127009,0.022985935,0.02,0.08,0.02,0.1,24,1,1,1,2,1,12
121.7215135,121.7215135,122,0.002287899,0.022725821,0.02,6.67,0.02,6.69,24,1,1,1,2,1,4
121.0968048,121.0968048,122,0.007458456,0.023663998,0.02,6.35,0.02,6.37,24,1,1,1,2,1,19
121.5021564,121.5021564,122,0.004097405,0.022844791,0.02,0.08,0.02,0.1,24,1,1,1,2,1,15
121.1199285,121.1199285,122,0.007266116,0.028985977,0.03,6.66,0.03,6.69,24,1,1,1,2,1,17
121.7499142,121.7499142,122,0.002054094,0.022877216,0.02,0.08,0.02,0.1,24,1,1,1,2,1,6
121.3747855,121.3747855,122,0.005151107,0.023061037,0.02,0.08,0.02,0.1,24,1,1,1,2,1,24
121.2266523,121.2266523,122,0.006379353,0.022635937,0.02,0.08,0.02,0.1,24,1,1,1,2,1,22
121.2324317,121.2324317,122,0.006331378,0.022830963,0.02,6.35,0.02,6.37,24,1,1,1,2,1,14
121.2324317,121.2324317,122,0.006331378,0.022927046,0.02,0.08,0.02,0.1,24,1,1,1,2,1,18
121.4614384,121.4614384,122,0.004434013,0.02334094,0.02,0.08,0.02,0.1,24,1,1,1,2,1,9
121.3702721,121.3702721,122,0.005188485,0.022539854,0.02,0.08,0.02,0.1,24,1,1,1,2,1,25
120.9398457,120.9398457,122,0.008765964,0.025699854,0.03,12.66,0.03,12.69,24,2,2,2,2,2,"8,16"
120.6101272,120.6101272,122,0.011523683,0.026088953,0.03,0.08,0.03,0.11,24,2,2,2,2,2,"12,14"
121.6286847,121.6286847,122,0.00305286,0.020232916,0.02,0.08,0.02,0.1,24,2,2,2,2,2,"2,4"
121.1396028,121.1396028,122,0.007102526,0.020621777,0.02,0.08,0.02,0.1,24,2,2,2,2,2,"2,14"
120.6938701,120.6938701,122,0.010821841,0.025632858,0.03,0.08,0.03,0.11,24,2,2,2,2,2,"9,14"
121.1484817,121.1484817,122,0.007028717,0.028345108,0.03,12.68,0.03,12.71,24,2,2,2,2,2,"7,15"
120.7345881,120.7345881,122,0.01048094,0.025470972,0.03,0.08,0.03,0.11,24,2,2,2,2,2,"14,15"
121.0165974,121.0165974,122,0.00812618,0.027925968,0.03,0.08,0.03,0.11,24,2,2,2,2,2,"7,25"
120.8110633,120.8110633,122,0.00984129,0.025595903,0.03,12.67,0.03,12.7,24,2,2,2,2,2,"8,25"
120.9539452,120.9539452,122,0.008648373,0.020605087,0.02,0.08,0.02,0.1,24,2,2,2,2,2,"4,18"
121.4714277,121.4714277,122,0.004351413,0.02027607,0.02,0.08,0.02,0.1,24,2,2,2,2,2,"4,6"
120.9765665,120.9765665,122,0.008459766,0.020445824,0.02,12.67,0.02,12.69,24,2,2,2,2,2,"6,22"
120.7450576,120.7450576,122,0.010393323,0.025020838,0.03,12.68,0.03,12.71,24,2,2,2,2,2,"24,25"
120.3523602,120.3523602,122,0.013690133,0.026853085,0.03,12.67,0.03,12.7,24,2,2,2,2,2,"14,17"
121.0270997,121.0270997,122,0.008038698,0.025887012,0.03,0.08,0.03,0.11,24,2,2,2,2,2,"2,17"
120.8317106,120.8317106,122,0.009668732,0.02553606,0.03,0.08,0.03,0.11,24,2,2,2,2,2,"9,25"
121.1829519,121.1829519,122,0.006742269,0.020443916,0.02,13.12,0.02,13.14,24,2,2,2,2,2,"4,9"
120.5607197,120.5607197,122,0.011938219,0.026869059,0.03,0.08,0.03,0.11,24,2,2,2,2,2,"8,17"
120.7257069,120.7257069,122,0.010555276,0.025420904,0.03,12.67,0.03,12.7,24,2,2,2,2,2,"16,22"
120.9429475,120.9429475,122,0.008740092,0.025969028,0.03,0.08,0.03,0.11,24,2,2,2,2,2,"8,15"
120.3303645,120.3303645,122,0.01387543,0.027488232,0.03,18.7,0.03,18.73,24,3,3,3,2,2,"7,16,18"
119.8362286,119.8362286,122,0.018056071,0.025974989,0.03,18.72,0.03,18.75,24,3,3,3,2,2,"9,22,24"
120.1476842,120.1476842,122,0.015416991,0.024662971,0.02,18.69,0.02,18.71,24,3,3,3,2,2,"6,10,24"
119.8407331,119.8407331,122,0.018017805,0.0245471,0.02,18.43,0.02,18.45,24,3,3,3,2,2,"4,10,18"
120.0637078,120.0637078,122,0.016127206,0.026926994,0.03,19,0.03,19.03,24,3,3,3,2,2,"4,9,17"
120.2528835,120.2528835,122,0.014528687,0.025712013,0.03,18.69,0.03,18.72,24,3,3,3,2,2,"6,8,22"
120.5336059,120.5336059,122,0.012165853,0.020678043,0.02,18.69,0.02,18.71,24,3,3,3,2,2,"4,6,22"
120.3727567,120.3727567,122,0.013518369,0.026077986,0.03,18.75,0.03,18.78,24,3,3,3,2,2,"2,7,17"
119.9755617,119.9755617,122,0.016873756,0.027492046,0.03,18.38,0.03,18.41,24,3,3,3,2,2,"7,14,19"
120.4318737,120.4318737,122,0.013020858,0.024647951,0.02,18.69,0.02,18.71,24,3,3,3,2,2,"4,8,16"
120.9044655,120.9044655,122,0.009061159,0.02050209,0.02,18.38,0.02,18.4,24,3,3,3,2,2,"2,4,9"
119.849158,119.849158,122,0.017946242,0.026431084,0.03,18.39,0.03,18.42,24,3,3,3,2,2,"9,12,19"
120.3994604,120.3994604,122,0.013293578,0.025885105,0.03,18.38,0.03,18.41,24,3,3,3,2,2,"6,14,15"
120.8207225,120.8207225,122,0.009760556,0.024285078,0.02,18.37,0.02,18.39,24,3,3,3,2,2,"2,4,12"
119.9512385,119.9512385,122,0.017079953,0.02827096,0.03,18.4,0.03,18.43,24,3,3,3,2,2,"7,14,17"
120.4644959,120.4644959,122,0.012746528,0.020520926,0.02,18.37,0.02,18.39,24,3,3,3,2,2,"2,18,25"
120.0004336,120.0004336,122,0.016662993,0.027285099,0.03,18.68,0.03,18.71,24,3,3,3,2,2,"8,9,18"
119.5843314,119.5843314,122,0.020200544,0.027343988,0.03,18.76,0.03,18.79,24,3,3,3,2,2,"4,17,19"
119.847706,119.847706,122,0.017958575,0.024972916,0.03,18.71,0.03,18.74,24,3,3,3,2,2,"8,10,25"
120.5696317,120.5696317,122,0.011863421,0.02479887,0.02,18.39,0.02,18.41,24,3,3,3,2,2,"4,6,14"
119.4550642,119.4550642,122,0.021304545,0.02651906,0.03,24.76,0.03,24.79,24,4,4,4,2,2,"7,16,18,24"
118.2589679,118.2589679,119.1813339,0.007799544,0.102293968,0.1,27.25,0.1,27.35,24,4,4,4,2,2,"9,10,14,18"
118.3723774,118.3723774,119.3570988,0.008318845,0.102669954,0.1,26.43,0.1,26.53,24,4,4,4,2,2,"10,15,16,19"
117.9581609,117.9581609,118.9963212,0.00880109,0.101053953,0.1,25.84,0.1,25.94,24,4,4,4,2,2,"10,14,19,24"
119.1371872,119.1371872,122,0.024029548,0.025766134,0.03,24.55,0.03,24.58,24,4,4,4,2,2,"6,10,15,18"
118.5605809,118.5605809,122,0.029009803,0.024983883,0.03,25.33,0.03,25.36,24,4,4,4,2,2,"9,18,22,24"
118.4307905,118.4307905,119.328707,0.007581782,0.101382017,0.1,25.67,0.1,25.77,24,4,4,4,2,2,"9,10,22,24"
119.803175,119.803175,122,0.018336952,0.024154902,0.02,24.75,0.02,24.77,24,4,4,4,2,2,"4,6,16,22"
118.9134016,118.9134016,122,0.025956691,0.025156021,0.03,25.7,0.03,25.73,24,4,4,4,2,2,"9,10,15,16"
118.9331673,118.9331673,122,0.025786186,0.026388884,0.03,25.12,0.03,25.15,24,4,4,4,2,2,"7,8,10,22"
119.5185235,119.5185235,122,0.020762276,0.024518013,0.02,24.74,0.02,24.76,24,4,4,4,2,2,"2,17,24,25"
118.8330521,118.8330521,122,0.026650396,0.023897171,0.02,25.29,0.02,25.31,24,4,4,4,2,2,"2,10,14,18"
119.8055164,119.8055164,122,0.01831705,0.019971848,0.02,25.32,0.02,25.34,24,4,4,4,2,2,"2,6,16,22"
119.4107945,119.4107945,122,0.021683178,0.024913073,0.03,24.62,0.03,24.65,24,4,4,4,2,2,"2,9,17,25"
117.911023,117.911023,118.8860185,0.008268909,0.102620125,0.1,26.4,0.1,26.5,24,4,4,4,2,2,"10,17,19,25"
118.688047,118.688047,122,0.027904689,0.026638985,0.03,25.09,0.03,25.12,24,4,4,4,2,2,"7,8,10,17"
120.084224,120.084224,122,0.015953602,0.023966074,0.02,24.41,0.02,24.43,24,4,4,4,2,2,"2,6,15,19"
119.0131736,119.0131736,122,0.025096604,0.023627043,0.02,24.98,0.02,25,24,4,4,4,2,2,"4,10,14,25"
119.6326143,119.6326143,122,0.019788799,0.026361942,0.03,24.73,0.03,24.76,24,4,4,4,2,2,"6,7,15,17"
120.2911452,120.2911452,122,0.01420599,0.023666143,0.02,24.4,0.02,24.42,24,4,4,4,2,2,"2,4,6,14"
118.4292805,118.4292805,119.4914924,0.008969166,0.098391056,0.1,32.49,0.1,32.59,24,5,5,5,2,2,"2,6,12,19,22"
118.5159708,118.5159708,122,0.029397128,0.023829937,0.02,32.55,0.02,32.57,24,5,5,5,2,2,"2,6,10,19,24"
117.8316419,117.8316419,119.146391,0.011157861,0.096215963,0.1,34.67,0.1,34.77,24,5,5,5,2,2,"2,16,17,18,22"
118.2781756,118.2781756,119.2434876,0.00816137,0.099725008,0.1,31.57,0.1,31.67,24,5,5,5,2,2,"7,9,10,15,24"
117.7746844,117.7746844,118.6798559,0.00768562,0.095966816,0.1,31.38,0.1,31.48,24,5,5,5,2,2,"12,14,19,24,25"
117.5130384,117.5130384,118.8678106,0.011528696,0.096762896,0.1,33.2,0.1,33.3,24,5,5,5,2,2,"6,10,18,22,25"
118.0929822,118.0929822,119.3875645,0.010962398,0.096950054,0.1,34.61,0.1,34.71,24,5,5,5,2,2,"6,12,15,22,25"
117.7314507,117.7314507,118.8106847,0.009166914,0.094412088,0.09,33.99,0.09,34.08,24,5,5,5,2,2,"16,17,22,24,25"
118.4893997,118.4893997,122,0.029627969,0.02503705,0.03,33.21,0.03,33.24,24,5,5,5,2,2,"2,6,7,10,22"
118.8939448,118.8939448,122,0.026124587,0.023977041,0.02,31.27,0.02,31.29,24,5,5,5,2,2,"6,7,14,16,25"
118.4965324,118.4965324,122,0.029565992,0.024491072,0.02,33.38,0.02,33.4,24,5,5,5,2,2,"2,9,16,18,24"
118.537226,118.537226,122,0.029212544,0.025069952,0.03,31.72,0.03,31.75,24,5,5,5,2,2,"7,8,15,16,25"
117.7617953,117.7617953,118.8653049,0.009370693,0.096884012,0.1,33.23,0.1,33.33,24,5,5,5,2,2,"9,12,14,22,25"
118.3769501,118.3769501,119.5364797,0.009795232,0.098621845,0.1,31.92,0.1,32.02,24,5,5,5,2,2,"2,6,8,10,18"
118.9914816,118.9914816,122,0.025283477,0.025450945,0.03,33.3,0.03,33.33,24,5,5,5,2,2,"2,7,15,16,24"
118.1859182,118.1859182,119.3949994,0.010230332,0.098556995,0.1,32.72,0.1,32.82,24,5,5,5,2,2,"4,8,12,16,22"
117.6624337,117.6624337,118.86802,0.010246144,0.098855019,0.1,33.23,0.1,33.33,24,5,5,5,2,2,"6,10,15,17,22"
118.5299634,118.5299634,122,0.029275607,0.024701834,0.02,31.77,0.02,31.79,24,5,5,5,2,2,"7,8,12,24,25"
117.4899062,117.4899062,118.7892713,0.011059376,0.098149776,0.1,33.83,0.1,33.93,24,5,5,5,2,2,"8,9,12,14,17"
117.9567401,117.9567401,119.224793,0.010750152,0.099900007,0.1,33.22,0.1,33.32,24,5,5,5,2,2,"6,7,10,16,19"
116.6648109,116.6648109,117.9921528,0.011377397,0.092916012,0.09,42.36,0.09,42.45,24,6,6,6,2,2,"8,12,14,18,19,24"
117.519555,117.519555,118.9627968,0.012280866,0.095454931,0.1,40.95,0.1,41.05,24,6,6,6,2,2,"2,4,9,12,14,19"
116.9310008,116.9310008,118.5919407,0.014204444,0.096158981,0.1,43.99,0.1,44.09,24,6,6,6,2,2,"7,8,10,14,15,16"
118.0102254,118.0102254,119.5675879,0.013196843,0.091615915,0.09,41.4,0.09,41.49,24,6,6,6,2,2,"2,6,8,9,15,25"
117.943578,117.943578,119.3808101,0.01218576,0.094229937,0.09,40.18,0.09,40.27,24,6,6,6,2,2,"2,6,7,9,19,24"
115.9586003,115.9586003,118.0443553,0.017987066,0.094393015,0.09,50.89,0.09,50.98,24,6,6,6,2,2,"9,14,15,17,19,24"
117.4913783,117.4913783,118.8467305,0.011535759,0.094892025,0.1,40.82,0.1,40.92,24,6,6,6,2,2,"4,7,9,14,15,19"
116.7863411,116.7863411,118.6565848,0.016014234,0.094154119,0.09,50.94,0.09,51.03,24,6,6,6,2,2,"2,7,10,12,14,22"
116.7223711,116.7223711,118.535271,0.015531726,0.094769955,0.09,43.9,0.09,43.99,24,6,6,6,2,2,"7,9,15,19,22,24"
117.1593785,117.1593785,118.7140855,0.013270017,0.095118999,0.1,39.57,0.1,39.67,24,6,6,6,2,2,"2,7,10,17,24,25"
117.9433904,117.9433904,119.1344441,0.01009852,0.093360901,0.09,39.47,0.09,39.56,24,6,6,6,2,2,"4,6,8,9,18,25"
117.194367,117.194367,118.8232798,0.013899242,0.095113993,0.1,39.2,0.1,39.3,24,6,6,6,2,2,"2,4,9,10,14,18"
115.6032964,115.6032964,118.5560223,0.025541884,0.093488932,0.09,72.03,0.09,72.12,24,6,7,7,2,2,"7,10,15,16,22,25"
116.7211958,116.7211958,118.6297613,0.01635149,0.095952034,0.1,48.88,0.1,48.98,24,6,6,6,2,2,"7,9,10,12,16,24"
117.538466,117.538466,119.044447,0.012812665,0.095257044,0.1,40.33,0.1,40.43,24,6,6,6,2,2,"4,6,8,12,18,24"
117.3569104,117.3569104,119.0993163,0.014847067,0.095525026,0.1,41.57,0.1,41.67,24,6,6,6,2,2,"2,7,8,9,17,24"
117.5843613,117.5843613,118.9023462,0.011208845,0.096357107,0.1,39.52,0.1,39.62,24,6,6,6,2,2,"4,7,14,15,18,25"
117.5305958,117.5305958,118.8587415,0.011300425,0.095412016,0.1,39.92,0.1,40.02,24,6,6,6,2,2,"4,9,12,15,18,24"
117.5661269,117.5661269,118.9063427,0.011399677,0.091741085,0.09,41.53,0.09,41.62,24,6,6,6,2,2,"2,4,10,18,24,25"
117.078077,117.078077,118.9001108,0.015562554,0.094852924,0.1,41.34,0.1,41.44,24,6,6,6,2,2,"4,8,9,15,16,19"
114.7918221,114.7918221,117.808733,0.026281584,0.09117198,0.09,84.05,0.09,84.14,24,7,7,7,2,2,"6,7,10,12,17,22,24"
115.4062754,115.4062754,118.0229586,0.022673665,0.094186068,0.09,71.78,0.09,71.87,24,7,7,7,2,2,"4,9,12,18,22,24,25"
115.47186,115.47186,117.9001969,0.021029685,0.091963053,0.09,62.06,0.09,62.15,24,7,7,7,2,2,"4,8,15,17,19,24,25"
114.7717732,114.7717732,117.6076807,0.024709102,0.091401815,0.09,84.01,0.09,84.1,24,7,7,7,2,2,"6,9,10,12,14,18,22"
112.3280215,112.3280215,115.6590432,0.029654415,1.437713861,1.44,84.03,1.44,85.47,24,7,8,8,2,2,"14,16,17,18,19,22,25"
116.0680081,116.0680081,118.4101497,0.020179045,0.089752913,0.09,58.63,0.09,58.72,24,7,7,7,2,2,"2,4,9,18,19,24,25"
114.5738854,114.5738854,117.5185535,0.025701041,0.090317965,0.09,84.04,0.09,84.13,24,7,7,7,2,2,"6,9,10,14,17,22,24"
116.0007983,116.0007983,118.1821682,0.018804783,0.088714123,0.09,66.22,0.09,66.31,24,7,7,7,2,2,"4,8,9,14,16,22,24"
114.5094065,114.5094065,117.8843477,0.029473047,0.182502031,0.18,84.02,0.18,84.2,24,7,7,7,2,2,"6,15,16,17,18,22,25"
115.9760235,115.9760235,118.2650114,0.019736734,0.090807915,0.09,58.63,0.09,58.72,24,7,7,7,2,2,"4,6,12,16,19,22,25"
116.4969881,116.4969881,119.2081495,0.023272373,0.089690924,0.09,84.02,0.09,84.11,24,7,7,7,2,2,"2,6,7,8,9,16,24"
114.3812245,114.3812245,117.3106791,0.025611324,0.09318614,0.09,84.02,0.09,84.11,24,7,7,7,2,2,"7,10,14,16,17,18,22"
115.8785485,115.8785485,118.8607951,0.025735968,0.089487076,0.09,84.02,0.09,84.11,24,7,7,7,2,2,"2,6,7,8,10,16,24"
116.1465545,116.1465545,118.3036877,0.018572512,0.092327118,0.09,61.27,0.09,61.36,24,7,7,7,2,2,"2,6,12,14,15,18,19"
115.7311807,115.7311807,118.2964312,0.022165595,0.089016914,0.09,75.31,0.09,75.4,24,7,7,7,2,2,"6,7,12,14,15,16,19"
116.2194286,116.2194286,118.6221699,0.020674179,0.090202093,0.09,73.64,0.09,73.73,24,7,7,7,2,2,"2,7,12,15,22,24,25"
112.5547808,112.5547808,115.8859604,0.029596074,1.099020958,1.1,84.01,1.1,85.11,24,7,8,8,2,2,"9,10,12,14,16,19,25"
115.5254665,115.5254665,117.7604329,0.019346093,0.08970499,0.09,84.01,0.09,84.1,24,7,7,7,2,2,"7,8,12,14,15,18,19"
114.7182578,114.7182578,117.8829198,0.027586386,0.093000174,0.09,84.02,0.09,84.11,24,7,7,7,2,2,"2,6,9,10,14,17,19"
116.2255735,116.2255735,118.6428933,0.020798519,0.089190006,0.09,58.76,0.09,58.85,24,7,7,7,2,2,"2,6,8,12,14,24,25"
113.4347211,113.4347211,116.7684027,0.029388546,1.104660034,1.1,96.03,1.1,97.13,24,8,9,9,2,2,"2,6,7,9,14,18,19,25"
113.5541552,113.5541552,116.8859243,0.029340795,0.291651964,0.29,96.03,0.29,96.32,24,8,8,8,2,2,"6,8,9,10,14,16,18,24"
113.8054569,113.8054569,117.17899,0.029642982,0.189354897,0.19,96.03,0.19,96.22,24,8,8,8,2,2,"2,6,7,9,12,14,17,18"
114.7261422,114.7261422,118.1311152,0.029679138,0.175486088,0.18,96.01,0.18,96.19,24,8,8,8,2,2,"2,4,6,8,9,10,14,16"
113.2783899,113.2783899,116.6655956,0.029901605,0.313133001,0.31,96.04,0.31,96.35,24,8,8,8,2,2,"6,8,10,12,18,22,24,25"
113.8066051,113.8066051,117.1735391,0.029584698,0.180069923,0.18,96.01,0.18,96.19,24,8,8,8,2,2,"2,9,12,14,17,19,24,25"
113.0258081,113.0258081,116.1821521,0.02792587,0.31932807,0.32,96.04,0.32,96.36,24,8,8,8,2,2,"2,10,12,15,16,18,22,24"
114.356329,114.356329,117.5908179,0.028284302,0.087168932,0.09,96.03,0.09,96.12,24,8,8,8,2,2,"2,7,9,10,14,22,24,25"
113.7114122,113.7114122,116.9572431,0.028544461,0.301667929,0.3,96.05,0.3,96.35,24,8,8,8,2,2,"2,8,9,10,14,16,18,24"
112.8778762,112.8778762,116.2593032,0.029956507,1.011183023,1.01,96.03,1.01,97.04,24,8,9,9,2,2,"6,7,9,14,15,17,18,25"
111.0541658,111.0541658,114.0952513,0.027383804,4.705544949,4.71,96.01,4.71,100.72,24,8,9,9,2,2,"2,10,12,15,16,18,19,24"
114.8570004,114.8570004,118.1326383,0.02851927,0.089236021,0.09,96.01,0.09,96.1,24,8,8,8,2,2,"2,4,6,7,9,14,17,19"
111.7178558,111.7178558,115.0665664,0.029974712,0.511678934,0.51,96.02,0.51,96.53,24,8,8,8,2,2,"6,10,12,14,16,17,22,25"
112.572411,112.572411,115.8746441,0.029334302,0.661625147,0.66,96.05,0.66,96.71,24,8,8,8,2,2,"2,8,10,12,16,17,18,19"
114.2424059,114.2424059,117.275654,0.026550982,0.219461918,0.22,96.03,0.22,96.25,24,8,8,8,2,2,"2,6,7,9,10,17,22,24"
112.9788228,112.9788228,116.3099991,0.029484962,0.486988068,0.49,96.04,0.49,96.53,24,8,8,8,2,2,"2,4,9,10,14,16,19,22"
113.6360707,113.6360707,116.8679822,0.028440895,0.527386904,0.53,96.03,0.53,96.56,24,8,8,8,2,2,"2,7,9,12,14,15,16,19"
114.4776506,114.4776506,117.714385,0.028273941,0.27647686,0.28,96.05,0.28,96.33,24,8,8,8,2,2,"2,4,9,16,17,22,24,25"
112.3542085,112.3542085,115.6102315,0.028979982,0.637213945,0.64,96.01,0.64,96.65,24,8,8,8,2,2,"8,12,14,16,17,18,19,25"
114.6593281,114.6593281,117.589878,0.025558757,0.197951078,0.2,96.13,0.2,96.33,24,8,8,8,2,2,"2,4,6,9,16,18,22,25"
110.5681157,110.5681157,113.8342474,0.029539544,4.270659924,4.27,108.02,4.27,112.29,24,9,10,10,2,2,"7,8,9,12,14,15,18,22,25"
111.4958676,111.4958676,114.6459172,0.028252613,2.439723015,2.44,108.03,2.44,110.47,24,9,9,9,2,2,"7,9,10,12,15,16,17,24,25"
112.4734903,112.4734903,115.6165858,0.027945211,0.799563885,0.8,108.07,0.8,108.87,24,9,9,9,2,2,"2,7,8,12,14,17,22,24,25"
111.7501687,111.7501687,114.9790069,0.028893363,0.524002075,0.52,108.03,0.52,108.55,24,9,9,9,2,2,"2,6,8,10,14,15,17,18,22"
111.4483434,111.4483434,114.7638998,0.029749714,0.772850037,0.77,108.02,0.77,108.79,24,9,9,9,2,2,"2,7,8,9,10,12,14,17,22"
112.6245821,112.6245821,115.957669,0.029594666,0.464634895,0.46,108.01,0.46,108.47,24,9,9,9,2,2,"2,7,8,10,15,16,18,24,25"
110.2740811,110.2740811,113.5773652,0.029955217,2.158733845,2.16,108.02,2.16,110.18,24,9,9,9,2,2,"2,6,10,14,16,17,19,22,24"
113.328745,113.328745,116.0529429,0.024038013,0.530836105,0.53,108.01,0.53,108.54,24,9,9,9,2,2,"2,6,7,10,14,15,18,24,25"
112.43142,112.43142,115.7860498,0.02983712,0.545253038,0.55,108.04,0.55,108.59,24,9,9,9,2,2,"2,7,8,10,14,15,17,24,25"
108.7919837,108.7919837,112.0300613,0.029763936,7.22358799,7.22,108.07,7.22,115.29,24,9,9,9,2,2,"6,7,8,9,10,12,16,18,19"
110.4767263,110.4767263,113.7259614,0.029411038,4.569051981,4.57,108.04,4.57,112.61,24,9,9,9,2,2,"2,6,8,10,16,17,18,22,25"
112.7043878,112.7043878,115.9655431,0.028935477,0.536962032,0.54,108.03,0.54,108.57,24,9,9,9,2,2,"4,7,8,12,14,15,17,18,24"
113.530573,113.530573,116.7334226,0.02821134,0.716439009,0.72,108.02,0.72,108.74,24,9,9,9,2,2,"2,4,7,9,12,14,15,16,24"
110.4357896,110.4357896,113.6536792,0.029138105,4.840618134,4.84,108.03,4.84,112.87,24,9,10,10,2,2,"4,8,9,10,12,14,16,22,25"
109.8021654,109.8021654,113.0116048,0.02922929,5.403348923,5.4,108.04,5.4,113.44,24,9,9,9,2,2,"2,8,9,10,15,16,19,22,24"
111.8076848,111.8076848,115.1269545,0.029687313,1.99981904,2,108.04,2,110.04,24,9,9,9,2,2,"2,4,8,9,15,16,17,18,19"
110.4357896,110.4357896,113.721959,0.029756381,5.034807205,5.04,108.04,5.04,113.08,24,9,10,10,2,2,"4,8,9,10,12,16,18,22,25"
112.6408147,112.6408147,116.0111415,0.029921009,0.476834059,0.48,108.04,0.48,108.52,24,9,9,9,2,2,"2,4,7,10,14,15,17,18,25"
111.9701071,111.9701071,115.3042794,0.029777343,0.732014894,0.73,108.05,0.73,108.78,24,9,9,9,2,2,"2,4,7,10,14,15,17,19,25"
111.8794864,111.8794864,115.2296916,0.029944768,1.811655998,1.81,108.02,1.81,109.83,24,9,9,9,2,2,"4,7,9,10,12,15,18,19,22"
108.7780456,108.7780456,111.8581607,0.028315596,3.856905937,3.86,120.03,3.86,123.89,24,10,10,10,2,2,"6,7,12,14,15,17,18,19,22,24"
111.1565238,111.1565238,114.4866615,0.029958994,2.03552103,2.04,120.02,2.04,122.06,24,10,10,10,2,2,"2,4,7,8,9,12,14,15,18,19"
109.6718596,109.6718596,112.9453288,0.02984785,2.508491039,2.51,120.01,2.51,122.52,24,10,10,10,2,2,"8,9,10,12,14,15,17,18,24,25"
110.212301,110.212301,113.4973327,0.029806398,3.638774872,3.64,120.01,3.64,123.65,24,10,10,10,2,2,"2,4,6,8,9,14,15,17,19,24"
109.3915613,109.3915613,112.6326705,0.029628512,4.788064957,4.79,120.02,4.79,124.81,24,10,10,10,2,2,"4,6,8,9,10,12,15,16,17,24"
108.5390625,108.5390625,111.4616635,0.026926721,5.038415194,5.04,120.01,5.04,125.05,24,10,11,11,2,2,"2,6,7,8,9,10,12,14,16,25"
111.106672,111.106672,114.382284,0.029481686,1.954232931,1.95,120.03,1.95,121.98,24,10,10,10,2,2,"2,4,7,8,12,14,16,19,24,25"
111.3453883,111.3453883,114.6819287,0.029965681,1.129055023,1.13,120.04,1.13,121.17,24,10,10,10,2,2,"2,4,7,10,14,15,16,17,24,25"
108.5262334,108.5262334,111.6603603,0.02887898,4.140221119,4.14,120.03,4.14,124.17,24,10,11,11,2,2,"2,4,8,9,10,12,16,18,19,24"
108.3979928,108.3979928,111.4253954,0.027928586,2.348046064,2.35,120.01,2.35,122.36,24,10,11,11,2,2,"4,6,7,9,10,16,17,18,19,25"
110.6399596,110.6399596,113.9328142,0.029761893,1.857454062,1.86,120.05,1.86,121.91,24,10,10,10,2,2,"2,7,10,12,14,15,18,22,24,25"
111.0230975,111.0230975,114.2680883,0.029228069,3.21765995,3.22,120.04,3.22,123.26,24,10,10,10,2,2,"2,7,8,12,15,16,17,18,24,25"
108.5674396,108.5674396,111.6583662,0.028470107,5.330707788,5.33,120.01,5.33,125.34,24,10,10,10,2,2,"2,6,7,10,12,15,16,17,18,24"
110.5797564,110.5797564,113.8305926,0.029398113,3.81795001,3.82,120.02,3.82,123.84,24,10,10,10,2,2,"2,4,6,8,14,15,16,17,19,24"
109.024956,109.024956,112.2515265,0.029594788,6.265653133,6.27,120.02,6.27,126.29,24,10,10,10,2,2,"4,6,7,9,10,12,15,17,19,22"
108.2292764,108.2292764,111.4119337,0.029406621,5.184069157,5.18,120.01,5.18,125.19,24,10,11,11,2,2,"4,6,7,9,10,15,16,19,22,25"
109.8756114,109.8756114,112.7583496,0.026236379,2.921911001,2.92,120.03,2.92,122.95,24,10,10,10,2,2,"2,4,6,14,15,17,18,19,22,24"
109.1216563,109.1216563,112.3319986,0.029419845,3.461929083,3.46,120.02,3.46,123.48,24,10,10,10,2,2,"2,4,12,14,16,17,18,19,22,25"
110.2946112,110.2946112,113.5533542,0.029545805,1.447412014,1.45,120.02,1.45,121.47,24,10,10,10,2,2,"4,7,8,10,14,18,19,22,24,25"
108.0445041,108.0445041,111.1825797,0.029044287,5.831736803,5.83,120.03,5.83,125.86,24,10,11,11,2,2,"2,4,8,10,12,16,18,19,22,24"
104.6340515,104.6340515,107.6501543,0.028825251,4.005891085,4.01,132.04,4.01,136.05,24,11,12,12,2,2,"7,8,9,10,12,15,16,17,18,22,25"
106.6560221,106.6560221,109.8456102,0.029905373,7.033565998,7.03,132.02,7.03,139.05,24,11,11,11,2,2,"2,7,9,10,12,16,17,18,19,22,24"
109.3589055,109.3589055,112.6188752,0.029809824,6.400108099,6.4,132.01,6.4,138.41,24,11,11,11,2,2,"2,4,6,9,10,14,15,16,17,24,25"
107.5938785,107.5938785,110.7864003,0.029671965,4.513465881,4.51,132.03,4.51,136.54,24,11,11,11,2,2,"2,6,8,9,12,14,16,17,19,24,25"
107.9501928,107.9501928,111.1871425,0.029985585,6.154627085,6.15,132.02,6.15,138.17,24,11,11,11,2,2,"2,4,6,7,8,10,14,16,17,19,24"
105.3088873,105.3088873,108.3699888,0.029067837,7.774725914,7.77,132.05,7.77,139.82,24,11,12,12,2,2,"2,6,7,8,10,14,16,18,19,22,25"
105.6726079,105.6726079,108.2193455,0.024100263,5.474274874,5.47,132.03,5.47,137.5,24,11,12,12,2,2,"2,4,7,9,10,12,15,17,19,22,25"
106.0535909,106.0535909,109.2136889,0.029797181,29.63277483,29.63,132.02,29.63,161.65,24,11,11,11,2,2,"7,8,9,10,12,15,17,18,19,24,25"
104.9612031,104.9612031,108.0155838,0.029100092,3.016723871,3.02,132.04,3.02,135.06,24,11,12,12,2,2,"2,7,10,12,14,16,17,18,19,22,25"
108.7348498,108.7348498,111.8306254,0.028470869,3.73931098,3.74,132.01,3.74,135.75,24,11,11,11,2,2,"4,7,8,9,10,12,14,18,19,24,25"
107.5830326,107.5830326,110.8008731,0.029910298,4.250980139,4.25,132.02,4.25,136.27,24,11,11,11,2,2,"2,6,7,8,10,12,16,17,22,24,25"
108.3035135,108.3035135,111.2018039,0.026760817,1.941348076,1.94,132.04,1.94,133.98,24,11,11,11,2,2,"4,6,8,15,16,17,18,19,22,24,25"
106.4543987,106.4543987,109.5392621,0.028978261,5.701140881,5.7,132.03,5.7,137.73,24,11,11,11,2,2,"7,8,9,10,15,17,18,19,22,24,25"
107.9020523,107.9020523,110.6899833,0.025837608,2.970820904,2.97,132.02,2.97,134.99,24,11,11,11,2,2,"2,4,7,9,12,14,15,16,17,19,22"
107.0920963,107.0920963,110.1425738,0.028484618,10.23321199,10.23,132.01,10.23,142.24,24,11,12,12,2,2,"2,4,6,10,12,14,15,16,18,22,25"
107.8427801,107.8427801,110.5735133,0.025321428,1.817688942,1.82,132.02,1.82,133.84,24,11,11,11,2,2,"4,6,7,10,14,17,18,19,22,24,25"
105.6829402,105.6829402,108.6815988,0.028374103,6.588739872,6.59,132.02,6.59,138.61,24,11,12,12,2,2,"2,6,7,10,12,15,18,19,22,24,25"
103.6816469,103.6816469,106.7034068,0.029144598,8.169932842,8.17,132.02,8.17,140.19,24,11,12,12,2,2,"2,6,8,9,10,12,14,16,18,19,22"
107.069787,107.069787,110.1213091,0.02850031,6.403362989,6.4,132.01,6.4,138.41,24,11,11,11,2,2,"6,7,8,9,12,16,17,18,19,24,25"
106.47438,106.47438,109.3700612,0.027196038,7.957165956,7.96,132.03,7.96,139.99,24,11,12,12,2,2,"2,4,6,8,12,14,15,16,17,18,25"
102.2354134,102.2354134,105.2922294,0.029899776,3.259685993,3.26,144.02,3.26,147.28,24,12,13,13,2,2,"2,6,8,9,12,14,15,16,17,18,22,25"
103.5396077,103.5396077,106.5518439,0.029092598,10.61122608,10.61,144.01,10.61,154.62,24,12,12,12,2,2,"2,6,7,8,9,10,12,15,16,17,18,24"
105.6549663,105.6549663,108.822737,0.029982222,7.651778936,7.65,144.02,7.65,151.67,24,12,12,12,2,2,"2,6,9,10,12,14,15,16,17,22,24,25"
105.1185585,105.1185585,107.7207533,0.024754856,3.637647152,3.64,144.03,3.64,147.67,24,12,12,12,2,2,"2,7,8,10,12,14,15,17,18,22,24,25"
104.6479798,104.6479798,107.7828557,0.029956392,9.73677206,9.74,144.02,9.74,153.76,24,12,13,13,2,2,"2,4,6,8,9,12,14,15,16,22,24,25"
105.9136188,105.9136188,109.0171183,0.029302176,6.65868187,6.66,144.01,6.66,150.67,24,12,12,12,2,2,"2,4,7,8,9,10,12,17,18,22,24,25"
105.2897972,105.2897972,108.4107902,0.029641932,4.834837198,4.84,144.03,4.84,148.87,24,12,12,12,2,2,"2,6,9,10,14,15,16,17,18,22,24,25"
105.2971097,105.2971097,108.4510151,0.02995244,5.984453201,5.98,144.03,5.98,150.01,24,12,12,12,2,2,"2,4,6,7,8,9,10,15,16,17,19,22"
104.608048,104.608048,107.6792625,0.029359256,9.014626026,9.01,144.03,9.01,153.04,24,12,12,12,2,2,"4,6,7,8,9,12,14,16,17,18,19,24"
105.8135179,105.8135179,108.9875237,0.029996222,5.163125038,5.16,144.03,5.16,149.19,24,12,12,12,2,2,"2,4,6,7,8,12,14,17,18,19,22,24"
105.8152975,105.8152975,108.8005151,0.028211588,7.501729012,7.5,144.03,7.5,151.53,24,12,12,12,2,2,"2,4,6,8,9,10,12,14,15,16,17,19"
106.2813056,106.2813056,109.465212,0.029957351,4.981276035,4.98,144.01,4.98,148.99,24,12,12,12,2,2,"2,6,7,12,14,16,17,18,19,22,24,25"
102.8787065,102.8787065,105.7114517,0.027534806,8.273196936,8.27,144.01,8.27,152.28,24,12,13,13,2,2,"2,4,6,7,8,10,12,15,17,18,22,24"
102.4507763,102.4507763,105.4680037,0.029450508,11.39050603,11.39,144.02,11.39,155.41,24,12,13,13,2,2,"2,7,8,10,12,14,15,17,18,19,22,25"
102.3422396,102.3422396,105.2634679,0.028543721,7.68866992,7.69,144.03,7.69,151.72,24,12,13,13,2,2,"6,7,8,9,10,12,15,17,18,19,24,25"
103.8274013,103.8274013,106.4781175,0.025530026,2.748591185,2.75,144.02,2.75,146.77,24,12,13,13,2,2,"2,4,6,7,8,9,10,12,15,19,22,25"
106.3060574,106.3060574,109.4787602,0.029844986,6.927845001,6.93,144.01,6.93,150.94,24,12,12,12,2,2,"2,6,7,9,10,14,15,16,17,18,24,25"
104.3259533,104.3259533,107.3188991,0.02868841,6.496062994,6.5,144.02,6.5,150.52,24,12,12,12,2,2,"6,8,12,14,15,16,17,18,19,22,24,25"
104.2716005,104.2716005,107.1236562,0.027352181,8.371691227,8.37,144.04,8.37,152.41,24,12,12,12,2,2,"2,6,7,8,12,14,15,16,17,18,19,24"
103.505461,103.505461,106.5904735,0.029805312,2.407423019,2.41,144.02,2.41,146.43,24,12,13,13,2,2,"2,4,6,7,10,12,16,17,18,19,22,25"
99.40341884,99.40341884,102.3636282,0.029779754,3.395949125,3.4,156.01,3.4,159.41,24,13,14,14,2,2,"2,6,7,8,10,12,14,15,16,18,19,22,24"
103.4238995,103.4238995,106.4259717,0.029026872,6.819393873,6.82,156.02,6.82,162.84,24,13,13,13,2,2,"2,6,7,9,12,14,16,17,18,19,22,24,25"
103.2742,103.2742,106.1057562,0.027417848,7.868444204,7.87,156.01,7.87,163.88,24,13,13,13,2,2,"2,4,6,7,10,12,14,15,16,17,18,19,22"
102.7762275,102.7762275,105.0002474,0.02163944,3.452089071,3.45,156.05,3.45,159.5,24,13,13,13,2,2,"4,6,7,8,9,10,12,14,15,16,17,19,22"
101.5658255,101.5658255,104.4257138,0.028157978,2.986372948,2.99,156.01,2.99,159,24,13,13,13,2,2,"2,6,8,9,10,12,14,15,16,17,18,19,22"
101.934429,101.934429,104.922019,0.029308939,6.263944149,6.26,156.01,6.26,162.27,24,13,13,13,2,2,"2,4,6,7,8,10,12,14,15,17,18,22,24"
103.1155975,103.1155975,106.2090018,0.029999383,138.1,138.1,156.01,138.1,294.11,24,13,13,13,2,2,"4,6,8,9,10,12,14,15,17,19,22,24,25"
100.4578005,100.4578005,103.4359046,0.029645325,3.49,3.49,156.09,3.49,159.58,24,13,14,14,2,2,"4,6,8,9,10,12,14,15,16,17,18,19,25"
101.8759755,101.8759755,104.5675868,0.026420471,5.621656179,5.62,156.03,5.62,161.65,24,13,13,13,2,2,"2,6,7,8,9,12,14,16,17,18,19,22,24"
101.4690873,101.4690873,104.1316791,0.026240424,3.695431948,3.7,156.2,3.7,159.9,24,13,14,14,2,2,"4,6,7,8,9,10,12,14,15,16,19,22,25"
102.4829622,102.4829622,105.5035654,0.029474199,3.635844946,3.64,156.02,3.64,159.66,24,13,13,13,2,2,"2,6,9,10,12,14,16,17,18,19,22,24,25"
102.0653253,102.0653253,104.4220417,0.023090274,3.765270948,3.77,156.09,3.77,159.86,24,13,13,13,2,2,"2,4,6,8,9,10,14,15,16,17,19,22,25"
101.9240085,101.9240085,104.7633863,0.027857792,3.33585,3.34,156.01,3.34,159.35,24,13,14,14,2,2,"4,6,7,9,10,12,15,16,17,18,19,24,25"
104.4610541,104.4610541,107.4713563,0.02881746,5.639893055,5.64,156.02,5.64,161.66,24,13,13,13,2,2,"2,4,6,7,10,14,15,16,17,18,19,24,25"
101.8374745,101.8374745,104.6887543,0.027998336,4.728020906,4.73,156.02,4.73,160.75,23.55357143,13,13,13,2,2,"4,6,8,9,10,12,14,15,17,18,19,22,24"
102.0618931,102.0618931,104.8204425,0.027028201,4.141773939,4.14,156.02,4.14,160.16,24,13,13,13,2,2,"6,7,8,9,10,14,16,17,18,19,22,24,25"
101.4395567,101.4395567,104.053613,0.025769595,4.207922935,4.21,156.01,4.21,160.22,24,13,13,13,2,2,"4,6,8,9,10,12,14,16,17,18,22,24,25"
104.1250974,104.1250974,107.1382512,0.028937825,6.497400045,6.5,156.01,6.5,162.51,24,13,13,13,2,2,"4,6,7,9,10,14,15,16,17,18,19,24,25"
102.8526804,102.8526804,105.8614854,0.029253541,3.152523041,3.15,156.01,3.15,159.16,24,13,13,13,2,2,"2,4,6,7,8,9,10,12,14,16,19,24,25"
101.5378062,101.5378062,104.5555579,0.029720473,3.580303907,3.58,156.02,3.58,159.6,24,13,13,13,2,2,"6,8,9,10,12,14,15,16,18,19,22,24,25"
98.61709933,98.61709933,100.7821449,0.021954059,7.157917023,7.16,168.02,7.16,175.18,24,14,14,14,2,2,"2,6,7,8,9,10,12,14,15,16,17,18,19,22"
99.13071211,99.13071211,101.3864611,0.022755299,2.669703007,2.67,168.01,2.67,170.68,24,14,14,14,2,2,"2,6,7,8,9,10,12,14,17,18,19,22,24,25"
97.65160485,97.65160485,100.5222862,0.029397175,9.368938923,9.37,168.04,9.37,177.41,24,14,15,15,2,2,"2,6,7,8,9,10,12,15,16,17,18,19,24,25"
99.89514472,99.89514472,102.3032218,0.024106048,2.968466043,2.97,168.01,2.97,170.98,24,14,14,14,2,2,"2,4,6,8,9,12,14,15,16,17,18,19,24,25"
100.383267,100.383267,103.0516272,0.026581722,4.725367069,4.73,168.01,4.73,172.74,24,14,14,14,2,2,"4,7,8,10,12,14,15,16,17,18,19,22,24,25"
97.65735265,97.65735265,99.75804697,0.021510867,2.585573912,2.59,168.02,2.59,170.61,24,14,15,15,2,2,"2,4,6,7,8,9,10,12,15,16,18,19,22,24"
100.1672489,100.1672489,102.7845273,0.026129083,3.131614923,3.13,168.01,3.13,171.14,24,14,14,14,2,2,"2,4,7,8,9,10,12,15,16,17,18,22,24,25"
100.167444,100.167444,102.5229692,0.023515875,3.375545025,3.38,168.01,3.38,171.39,24,14,15,15,2,2,"2,4,6,7,8,9,10,12,14,15,16,18,22,25"
101.0711218,101.0711218,104.0179646,0.02915613,8.536422968,8.54,168.01,8.54,176.55,24,14,14,14,2,2,"4,6,7,8,9,10,12,14,15,17,18,19,24,25"
101.481251,101.481251,104.5214766,0.029958496,9.096302032,9.1,168.01,9.1,177.11,24,14,14,14,2,2,"2,4,6,7,9,10,12,14,16,18,19,22,24,25"
102.0913809,102.0913809,105.1262047,0.029726542,5.727393866,5.73,168.01,5.73,173.74,24,14,14,14,2,2,"2,4,7,8,9,10,12,14,15,18,19,22,24,25"
101.5149636,101.5149636,104.3894992,0.028316373,7.190342903,7.19,168.04,7.19,175.23,24,14,14,14,2,2,"2,4,8,9,10,12,14,15,16,18,19,22,24,25"
101.0173674,101.0173674,103.9426267,0.028957984,2.18678689,2.19,168.01,2.19,170.2,24,14,14,14,2,2,"4,6,7,8,9,10,14,15,17,18,19,22,24,25"
99.20377996,99.20377996,100.3267769,0.011320102,2.68979311,2.69,168.01,2.69,170.7,24,14,15,15,2,2,"2,4,6,7,8,9,10,15,16,18,19,22,24,25"
101.7856246,101.7856246,104.3737788,0.025427502,5.054643869,5.05,168.02,5.05,173.07,24,14,14,14,2,2,"2,4,6,7,8,9,10,14,15,17,18,22,24,25"
99.33747282,99.33747282,102.203564,0.028852064,3.403300047,3.4,168.02,3.4,171.42,24,14,14,14,2,2,"4,6,7,8,10,12,14,15,16,17,18,22,24,25"
96.80526291,96.80526291,99.62631881,0.029141555,3.375074148,3.38,168.01,3.38,171.39,24,14,15,15,2,2,"4,6,7,8,9,12,14,15,16,17,18,19,22,25"
98.61394093,98.61394093,100.7705406,0.021869116,6.22576499,6.23,168.01,6.23,174.24,24,14,14,14,2,2,"6,7,8,9,10,12,14,16,17,18,19,22,24,25"
100.8599864,100.8599864,103.7642156,0.028794662,2.88794899,2.89,168.01,2.89,170.9,24,14,14,14,2,2,"2,4,6,7,8,9,10,12,14,15,17,18,19,24"
100.6019862,100.6019862,103.4578655,0.028387902,8.163041115,8.16,168.01,8.16,176.17,24,14,14,14,2,2,"2,4,7,8,9,10,12,14,17,18,19,22,24,25"
99.20028255,99.20028255,102.1147296,0.029379423,4.330158949,4.33,180.01,4.33,184.34,24,15,15,15,2,2,"2,4,7,8,9,10,12,14,15,16,17,19,22,24,25"
99.40579817,99.40579817,102.3277128,0.029393805,0.806594133,0.81,180.01,0.81,180.82,24,15,15,15,2,2,"2,4,7,8,9,10,14,15,16,17,18,19,22,24,25"
97.93671908,97.93671908,100.8181702,0.029421561,2.421477079,2.42,180.02,2.42,182.44,24,15,15,15,2,2,"2,4,6,7,8,9,14,15,16,17,18,19,22,24,25"
95.87640112,95.87640112,98.32067639,0.025494024,5.578979969,5.58,180.01,5.58,185.59,24,15,16,16,2,2,"2,4,6,7,9,10,12,14,15,16,17,18,19,22,25"
99.50770788,99.50770788,102.2859419,0.027919787,2.540908813,2.54,180.01,2.54,182.55,24,15,15,15,2,2,"2,4,6,7,8,9,10,12,14,15,16,19,22,24,25"
99.57250124,99.57250124,102.4181445,0.028578606,2.467137814,2.47,180.01,2.47,182.48,24,15,15,15,2,2,"2,4,6,7,8,9,10,14,15,16,17,19,22,24,25"
96.50310442,96.50310442,98.94332389,0.025286435,9.796113968,9.8,180.01,9.8,189.81,24,15,15,15,2,2,"4,6,7,8,9,12,14,15,16,17,18,19,22,24,25"
95.60506014,95.60506014,97.15362508,0.016197521,5.056539059,5.06,180.01,5.06,185.07,24,15,16,16,2,2,"2,4,6,7,8,9,10,12,15,16,17,18,22,24,25"
97.68702903,97.68702903,100.6146943,0.029969847,4.168319941,4.17,180.03,4.17,184.2,24,15,15,15,2,2,"2,4,6,7,8,9,10,14,15,16,17,18,19,22,24"
97.07380078,97.07380078,99.76677281,0.027741492,3.312443972,3.31,180.02,3.31,183.33,24,15,15,15,2,2,"2,6,7,8,9,10,12,14,15,16,17,19,22,24,25"
97.22886304,97.22886304,99.63763834,0.024774282,2.757182837,2.76,180.02,2.76,182.78,24,15,15,15,2,2,"2,4,6,7,8,9,12,14,15,16,17,18,19,24,25"
96.99001212,96.99001212,99.70740641,0.028017259,2.389652014,2.39,180.01,2.39,182.4,24,15,15,15,2,2,"2,4,6,7,9,10,12,14,15,16,17,18,19,22,24"
99.21597406,99.21597406,101.5722139,0.023748594,2.614706039,2.61,180.02,2.61,182.63,24,15,15,15,2,2,"2,4,6,7,9,10,12,14,15,16,17,19,22,24,25"
99.21597406,99.21597406,101.5722139,0.023748594,2.632377148,2.63,180.02,2.63,182.65,24,15,15,15,2,2,"2,4,6,7,9,10,12,14,15,16,17,19,22,24,25"
98.27535908,98.27535908,101.0630478,0.0283661,3.236816883,3.24,180.01,3.24,183.25,24,15,15,15,2,2,"4,6,7,8,9,10,12,14,15,16,17,19,22,24,25"
95.31373525,95.31373525,98.09399132,0.029169522,10.25275397,10.25,180.01,10.25,190.26,24,15,15,15,2,2,"2,6,7,8,9,10,12,14,15,16,17,18,19,22,24"
95.35924585,95.35924585,97.75793697,0.025154258,4.361398935,4.36,180.01,4.36,184.37,24,15,15,15,2,2,"2,4,6,7,8,9,10,12,14,16,17,18,19,22,24"
97.1724402,97.1724402,99.67910409,0.025796037,2.929774046,2.93,180.01,2.93,182.94,24,15,15,15,2,2,"2,4,6,7,8,9,10,12,14,16,17,19,22,24,25"
97.86139515,97.86139515,100.7535184,0.02955326,8.210201025,8.21,180.01,8.21,188.22,24,15,15,15,2,2,"2,6,7,8,9,10,14,15,16,17,18,19,22,24,25"
97.93671908,97.93671908,100.8181702,0.029421561,2.418480158,2.42,180.02,2.42,182.44,24,15,15,15,2,2,"2,4,6,7,8,9,14,15,16,17,18,19,22,24,25"
94.3531039,94.3531039,96.48692126,0.022615232,2.655657053,2.66,192.01,2.66,194.67,24,16,16,16,2,2,"2,4,6,7,8,9,10,12,14,15,16,17,18,19,22,24"
95.82470906,95.82470906,98.67573339,0.029752497,10.54462504,10.54,192.01,10.54,202.55,24,16,16,16,2,2,"2,4,6,7,8,9,10,14,15,16,17,18,19,22,24,25"
95.84874286,95.84874286,98.29986052,0.025572768,5.284222841,5.28,192.01,5.28,197.29,24,16,16,16,2,2,"2,4,6,7,8,9,10,12,14,15,17,18,19,22,24,25"
95.77544751,95.77544751,97.71964314,0.02029952,8.559638023,8.56,192.02,8.56,200.58,24,16,16,16,2,2,"2,4,6,8,9,10,12,14,15,16,17,18,19,22,24,25"
96.20737306,96.20737306,98.99548399,0.028980221,8.323915958,8.32,192.01,8.32,200.33,24,16,16,16,2,2,"2,4,7,8,9,10,12,14,15,16,17,18,19,22,24,25"
93.83048258,93.83048258,95.67679519,0.019677109,3.457534075,3.46,192.01,3.46,195.47,24,16,17,17,2,2,"2,4,6,7,8,9,10,12,15,16,17,18,19,22,24,25"
95.16952044,95.16952044,96.2507078,0.011360647,8.543939114,8.54,192.02,8.54,200.56,24,16,16,16,2,2,"2,4,6,7,8,10,12,14,15,16,17,18,19,22,24,25"
95.14493023,95.14493023,97.73321906,0.027203644,10.246557,10.25,192.02,10.25,202.27,24,16,16,16,2,2,"4,6,7,8,9,10,12,14,15,16,17,18,19,22,24,25"
94.15492125,94.15492125,96.69704339,0.026999355,5.028697968,5.03,192.01,5.03,197.04,24,16,16,16,2,2,"2,6,7,8,9,10,12,14,15,16,17,18,19,22,24,25"
93.19448148,93.19448148,95.7794756,0.027737631,4.07449913,4.07,192.02,4.07,196.09,24,16,17,17,2,2,"2,4,6,7,8,9,10,12,14,15,16,17,18,19,22,25"
94.80584031,94.80584031,97.14509004,0.02467411,9.361807823,9.36,192.02,9.36,201.38,24,16,16,16,2,2,"2,4,6,7,8,9,10,12,14,16,17,18,19,22,24,25"
95.87640112,95.87640112,98.48086557,0.027164812,8.227823019,8.23,192.03,8.23,200.26,24,16,16,16,2,2,"2,4,6,7,9,10,12,14,15,16,17,18,19,22,24,25"
95.14493023,95.14493023,97.73321906,0.027203644,10.26251912,10.26,192.02,10.26,202.28,24,16,16,16,2,2,"4,6,7,8,9,10,12,14,15,16,17,18,19,22,24,25"
94.69026813,94.69026813,97.4477607,0.029121182,3.511223078,3.51,192.01,3.51,195.52,24,16,17,17,2,2,"2,4,6,7,8,9,12,14,15,16,17,18,19,22,24,25"
95.84896306,95.84896306,98.26218242,0.025177313,3.89199996,3.89,192.01,3.89,195.9,24,16,16,16,2,2,"2,4,6,7,8,9,10,12,14,15,16,17,18,19,24,25"
96.31397967,96.31397967,97.89315389,0.016396106,2.867933035,2.87,192.01,2.87,194.88,24,16,16,16,2,2,"2,4,6,7,8,9,10,12,14,15,16,17,19,22,24,25"
96.37451245,96.37451245,98.64242685,0.023532305,5.626426935,5.63,192.03,5.63,197.66,24,16,16,16,2,2,"2,4,6,7,8,9,10,12,14,15,16,18,19,22,24,25"
93.19448148,93.19448148,95.73453471,0.027255404,7.688760996,7.69,204.01,7.69,211.7,24,17,17,17,2,2,"2,4,6,7,8,9,10,12,14,15,16,17,18,19,22,24,25"
